#
# There is insufficient memory for the Java Runtime Environment to continue.
# Native memory allocation (mmap) failed to map 937426944 bytes. Error detail: G1 virtual space
# Possible reasons:
#   The system is out of physical RAM or swap space
#   This process is running with CompressedOops enabled, and the Java Heap may be blocking the growth of the native heap
# Possible solutions:
#   Reduce memory load on the system
#   Increase physical memory or swap space
#   Check if swap backing store is full
#   Decrease Java heap size (-Xmx/-Xms)
#   Decrease number of Java threads
#   Decrease Java thread stack sizes (-Xss)
#   Set larger code cache with -XX:ReservedCodeCacheSize=
#   JVM is running with Zero Based Compressed Oops mode in which the Java heap is
#     placed in the first 32GB address space. The Java Heap base address is the
#     maximum limit for the native heap growth. Please use -XX:HeapBaseMinAddress
#     to set the Java Heap base and to place the Java Heap above 32GB virtual address.
# This output file may be truncated or incomplete.
#
#  Out of Memory Error (os_windows.cpp:3583), pid=2648, tid=8664
#
# JRE version: OpenJDK Runtime Environment (26.0+35) (build 26+35-2893)
# Java VM: OpenJDK 64-Bit Server VM (26+35-2893, mixed mode, tiered, compressed oops, compressed class ptrs, g1 gc, windows-amd64)
# No core dump will be written. Minidumps are not enabled by default on client versions of Windows
#

---------------  S U M M A R Y ------------

Command Line: -Djpackage.app-version=26.0.0 -Djavafx.allowjs=true --add-opens=javafx.fxml/javafx.fxml=ALL-UNNAMED --enable-native-access=javafx.graphics --sun-misc-unsafe-memory-access=allow -Djava.library.path=runtime\bin;runtime\lib -Djpackage.app-path=C:\Users\HP\AppData\Local\SceneBuilder\SceneBuilder.exe com.oracle.javafx.scenebuilder.app.SceneBuilderApp E:\javafx\PocketPilot\src\main\resources\Register.fxml

Host: Intel(R) Core(TM) i5-4200M CPU @ 2.50GHz, 4 cores, 11G,  Windows 10 , 64 bit Build 19041 (10.0.19041.5915)
Time: Wed Aug 12 16:22:03 2026 Pakistan Standard Time elapsed time: 79250.252555 seconds (0d 22h 0m 50s)

---------------  T H R E A D  ---------------

Current thread (0x00000218dcd135d0):  VMThread "VM Thread"          [id=8664, stack(0x00000055bf000000,0x00000055bf100000) (1024K)]

Stack: [0x00000055bf000000,0x00000055bf100000]
Native frames: (J=compiled Java code, j=interpreted, Vv=VM code, C=native code)
V  [jvm.dll+0x7d5719]  (no source info available)
V  [jvm.dll+0x7a367d]  (no source info available)
V  [jvm.dll+0x9b0aa0]  (no source info available)
V  [jvm.dll+0x9b2ef1]  (no source info available)
V  [jvm.dll+0x9b3603]  (no source info available)
V  [jvm.dll+0x30de86]  (no source info available)
V  [jvm.dll+0x7d4be5]  (no source info available)
V  [jvm.dll+0x7c7da7]  (no source info available)
V  [jvm.dll+0x4086f8]  (no source info available)
V  [jvm.dll+0x410a66]  (no source info available)
V  [jvm.dll+0x3fce04]  (no source info available)
V  [jvm.dll+0x3fd0f5]  (no source info available)
V  [jvm.dll+0x3d3a7f]  (no source info available)
V  [jvm.dll+0x3d6cec]  (no source info available)
V  [jvm.dll+0x4222fc]  (no source info available)
V  [jvm.dll+0x420c43]  (no source info available)
V  [jvm.dll+0x3d3218]  (no source info available)
V  [jvm.dll+0x420003]  (no source info available)
V  [jvm.dll+0x9b9ab1]  (no source info available)
V  [jvm.dll+0x9baa7b]  (no source info available)
V  [jvm.dll+0x9baf8c]  (no source info available)
V  [jvm.dll+0x9bb409]  (no source info available)
V  [jvm.dll+0x9bb6b3]  (no source info available)
V  [jvm.dll+0x94f4e9]  (no source info available)
V  [jvm.dll+0x7d71f8]  (no source info available)
C  [ucrtbase.dll+0x21bb2]  (no source info available)
C  [KERNEL32.DLL+0x17374]  (no source info available)
C  [ntdll.dll+0x4cc91]  (no source info available)

VM_Operation (0x00000055bffff4f8): G1CollectForAllocation, mode: safepoint, requested by thread 0x00000218f45eb710


---------------  P R O C E S S  ---------------

Threads class SMR info:
_java_thread_list=0x000002188067d3e0, length=30, elements={
0x00000218daa481c0, 0x00000218f43ebaa0, 0x00000218f43fa530, 0x00000218f43fc710,
0x00000218f43fd2c0, 0x00000218f43fde70, 0x00000218f43fea20, 0x00000218f4401d20,
0x00000218f4464840, 0x00000218f457d1c0, 0x00000218f457eb50, 0x00000218f95386a0,
0x00000218f45eb710, 0x00000218f4601880, 0x00000218f9063700, 0x00000218f90de000,
0x00000218f924f520, 0x00000218fe8f8f60, 0x00000218fe8f3970, 0x00000218fe8f77f0,
0x00000218fe8fa6d0, 0x00000218feeb4fe0, 0x00000218feeb4810, 0x00000218833d83d0,
0x00000218f95a76c0, 0x00000218f95a4010, 0x00000218833d7430, 0x00000218fe70eb60,
0x00000218fe70cc20, 0x00000218ff307480
}

Java Threads: ( => current thread )
  0x00000218daa481c0 JavaThread "main"                              [_thread_blocked, id=2452, stack(0x00000055be800000,0x00000055be900000) (1024K)]
  0x00000218f43ebaa0 JavaThread "Reference Handler"          daemon [_thread_blocked, id=9876, stack(0x00000055bf100000,0x00000055bf200000) (1024K)]
  0x00000218f43fa530 JavaThread "Finalizer"                  daemon [_thread_blocked, id=6160, stack(0x00000055bf200000,0x00000055bf300000) (1024K)]
  0x00000218f43fc710 JavaThread "Signal Dispatcher"          daemon [_thread_blocked, id=6364, stack(0x00000055bf300000,0x00000055bf400000) (1024K)]
  0x00000218f43fd2c0 JavaThread "Attach Listener"            daemon [_thread_blocked, id=11520, stack(0x00000055bf400000,0x00000055bf500000) (1024K)]
  0x00000218f43fde70 JavaThread "Service Thread"             daemon [_thread_blocked, id=232, stack(0x00000055bf500000,0x00000055bf600000) (1024K)]
  0x00000218f43fea20 JavaThread "Monitor Deflation Thread"   daemon [_thread_blocked, id=4808, stack(0x00000055bf600000,0x00000055bf700000) (1024K)]
  0x00000218f4401d20 JavaThread "C2 CompilerThread0"         daemon [_thread_blocked, id=736, stack(0x00000055bf700000,0x00000055bf800000) (1024K)]
  0x00000218f4464840 JavaThread "C1 CompilerThread0"         daemon [_thread_blocked, id=7600, stack(0x00000055bf800000,0x00000055bf900000) (1024K)]
  0x00000218f457d1c0 JavaThread "Notification Thread"        daemon [_thread_blocked, id=6172, stack(0x00000055bf900000,0x00000055bfa00000) (1024K)]
  0x00000218f457eb50 JavaThread "Common-Cleaner"             daemon [_thread_blocked, id=4940, stack(0x00000055bfa00000,0x00000055bfb00000) (1024K)]
  0x00000218f95386a0 JavaThread "QuantumRenderer-0"          daemon [_thread_blocked, id=2704, stack(0x00000055bfe00000,0x00000055bff00000) (1024K)]
  0x00000218f45eb710 JavaThread "InvokeLaterDispatcher"      daemon [_thread_blocked, id=3112, stack(0x00000055bff00000,0x00000055c0000000) (1024K)]
  0x00000218f4601880 JavaThread "JavaFX Application Thread"         [_thread_blocked, id=3768, stack(0x00000055c0000000,0x00000055c0100000) (1024K)]
  0x00000218f9063700 JavaThread "Thread-1"                   daemon [_thread_blocked, id=5340, stack(0x00000055c0700000,0x00000055c0800000) (1024K)]
  0x00000218f90de000 JavaThread "JavaFX-Launcher"                   [_thread_blocked, id=1588, stack(0x00000055c0800000,0x00000055c0900000) (1024K)]
  0x00000218f924f520 JavaThread "MessageBox[C:\Users\HP\AppData\Roaming\Scene Builder/MB]" daemon [_thread_blocked, id=12236, stack(0x00000055c0900000,0x00000055c0a00000) (1024K)]
  0x00000218fe8f8f60 JavaThread "LibraryFolderWatcher(C:\Users\HP\AppData\Roaming\Scene Builder/Library)" daemon [_thread_blocked, id=11480, stack(0x00000055c0d00000,0x00000055c0e00000) (1024K)]
  0x00000218fe8f3970 JavaThread "FileSystemWatchService"     daemon [_thread_in_native, id=11452, stack(0x00000055c0e00000,0x00000055c0f00000) (1024K)]
  0x00000218fe8f77f0 JavaThread "FileWatcher[EditorController]" daemon [_thread_blocked, id=11508, stack(0x00000055c0a00000,0x00000055c0b00000) (1024K)]
  0x00000218fe8fa6d0 JavaThread "Prism Font Disposer"        daemon [_thread_blocked, id=10716, stack(0x00000055c0c00000,0x00000055c0d00000) (1024K)]
  0x00000218feeb4fe0 JavaThread "InnocuousThread-1"          daemon [_thread_blocked, id=9516, stack(0x00000055c1000000,0x00000055c1100000) (1024K)]
  0x00000218feeb4810 JavaThread "Cleaner-0"                  daemon [_thread_blocked, id=11324, stack(0x00000055c0f00000,0x00000055c1000000) (1024K)]
  0x00000218833d83d0 JavaThread "FileWatcher[DocumentWindowController]" daemon [_thread_blocked, id=13948, stack(0x00000055be700000,0x00000055be800000) (1024K)]
  0x00000218f95a76c0 JavaThread "Timer-1819"                 daemon [_thread_blocked, id=6016, stack(0x00000055c0100000,0x00000055c0200000) (1024K)]
  0x00000218f95a4010 JavaThread "FileWatcher[DocumentWindowController]" daemon [_thread_blocked, id=13972, stack(0x00000055c0200000,0x00000055c0300000) (1024K)]
  0x00000218833d7430 JavaThread "FileWatcher[EditorController]" daemon [_thread_blocked, id=3848, stack(0x00000055c0600000,0x00000055c0700000) (1024K)]
  0x00000218fe70eb60 JavaThread "Timer-3014"                 daemon [_thread_blocked, id=6504, stack(0x00000055c0500000,0x00000055c0600000) (1024K)]
  0x00000218fe70cc20 JavaThread "FileWatcher[DocumentWindowController]" daemon [_thread_blocked, id=6564, stack(0x00000055be500000,0x00000055be600000) (1024K)]
  0x00000218ff307480 JavaThread "FileWatcher[EditorController]" daemon [_thread_blocked, id=7844, stack(0x00000055be600000,0x00000055be700000) (1024K)]
Total: 30

Other Threads:
=>0x00000218dcd135d0 VMThread "VM Thread"                           [id=8664, stack(0x00000055bf000000,0x00000055bf100000) (1024K)]
  0x00000218f439cd30 WatcherThread "VM Periodic Task Thread"        [id=3216, stack(0x00000055bef00000,0x00000055bf000000) (1024K)]
  0x00000218dccdeca0 WorkerThread "GC Thread#0"                     [id=9196, stack(0x00000055be900000,0x00000055bea00000) (1024K)]
  0x00000218dcd13a20 WorkerThread "GC Thread#1"                     [id=10300, stack(0x00000055bfb00000,0x00000055bfc00000) (1024K)]
  0x00000218dcd15400 WorkerThread "GC Thread#2"                     [id=4616, stack(0x00000055bfc00000,0x00000055bfd00000) (1024K)]
  0x00000218dcd13e70 WorkerThread "GC Thread#3"                     [id=2524, stack(0x00000055bfd00000,0x00000055bfe00000) (1024K)]
  0x00000218dccf24a0 ConcurrentGCThread "G1 Main Marker"            [id=1320, stack(0x00000055bea00000,0x00000055beb00000) (1024K)]
  0x00000218dccf3940 WorkerThread "G1 Conc#0"                       [id=11908, stack(0x00000055beb00000,0x00000055bec00000) (1024K)]
  0x00000218dcd15ca0 WorkerThread "G1 Refinement Workers#0"         [id=3616, stack(0x00000055bed00000,0x00000055bee00000) (1024K)]
  0x00000218dcd113b0 ConcurrentGCThread "G1 Refine Control"         [id=452, stack(0x00000055bec00000,0x00000055bed00000) (1024K)]
  0x00000218dcd18e00 ConcurrentGCThread "G1 Service"                [id=2572, stack(0x00000055bee00000,0x00000055bef00000) (1024K)]
Total: 11

Threads with active compile tasks:
Total: 0

VM state: at safepoint (normal execution)

VM Mutex/Monitor currently owned by a thread:  ([mutex/lock_event])
[0x00007ff8998bed08] Threads_lock - owner thread: 0x00000218dcd135d0
[0x00007ff8998bef88] Heap_lock - owner thread: 0x00000218f45eb710

Heap address: 0x0000000741400000, size: 3052 MB, Compressed Oops mode: Zero based, Oop shift amount: 3

CDS archive(s) not mapped
Compressed class space mapped at: 0x000000002f000000-0x000000006f000000, reserved size: 1073741824
UseCompressedClassPointers 1, UseCompactObjectHeaders 0
Narrow klass pointer bits 32, Max shift 3
Narrow klass base: 0x0000000000000000, Narrow klass shift: 0
Encoding Range: [0x0000000000000000 - 0x0000000100000000), (4294967296 bytes)
Klass Range:    [0x000000002f000000 - 0x000000006f000000), (1073741824 bytes)
Klass ID Range:  [788529152 - 1862270969) (1073741817)
No protection zone.

GC Precious Log:
 CardTable entry size: 512
 Card Set container configuration: InlinePtr #cards 4 size 8 Array Of Cards #cards 16 size 48 Howl #buckets 8 coarsen threshold 3686 Howl Bitmap #cards 512 size 80 coarsen threshold 460 Card regions per heap region 1 cards per card region 4096
 CPUs: 4 total, 4 available
 Memory: 12201M
 Large Page Support: Disabled
 NUMA Support: Disabled
 Compressed Oops: Enabled (Zero based)
 Heap Region Size: 2M
 Heap Min Capacity: 8M
 Heap Initial Capacity: 8M
 Heap Max Capacity: 3052M
 Pre-touch: Disabled
 Parallel Workers: 4
 Concurrent Workers: 1
 Concurrent Refinement Workers: 4
 Periodic GC: Disabled

Heap:
 garbage-first heap   total reserved 3125248K, committed 837632K, used 810332K [0x0000000741400000, 0x0000000800000000)
  region size 2M, 0 eden (0M), 1 survivor (2M), 76 old (152M), 320 humongous (640M), 12 free (24M)

Heap Regions: E=young(eden), S=young(survivor), O=old, HS=humongous(starts), HC=humongous(continues), CS=collection set, F=free, TAMS=top-at-mark-start, PB=parsable bottom
|    0|0x0000000741400000, 0x0000000741600000, 0x0000000741600000|100%| O|  |TAMS 0x0000000741400000| PB 0x0000000741400000| Untracked |  0
|    1|0x0000000741600000, 0x0000000741800000, 0x0000000741800000|100%| O|  |TAMS 0x0000000741600000| PB 0x0000000741600000| Untracked |  0
|    2|0x0000000741800000, 0x0000000741a00000, 0x0000000741a00000|100%| O|  |TAMS 0x0000000741800000| PB 0x0000000741800000| Untracked |  0
|    3|0x0000000741a00000, 0x0000000741c00000, 0x0000000741c00000|100%| O|  |TAMS 0x0000000741a00000| PB 0x0000000741a00000| Untracked |  0
|    4|0x0000000741c00000, 0x0000000741e00000, 0x0000000741e00000|100%|HS|  |TAMS 0x0000000741c00000| PB 0x0000000741c00000| Complete  |  0
|    5|0x0000000741e00000, 0x0000000742000000, 0x0000000742000000|100%| O|  |TAMS 0x0000000741e00000| PB 0x0000000741e00000| Untracked |  0
|    6|0x0000000742000000, 0x0000000742200000, 0x0000000742200000|100%| O|  |TAMS 0x0000000742000000| PB 0x0000000742000000| Untracked |  0
|    7|0x0000000742200000, 0x0000000742400000, 0x0000000742400000|100%| O|  |TAMS 0x0000000742200000| PB 0x0000000742200000| Untracked |  0
|    8|0x0000000742400000, 0x0000000742600000, 0x0000000742600000|100%|HS|  |TAMS 0x0000000742400000| PB 0x0000000742400000| Complete  |  0
|    9|0x0000000742600000, 0x0000000742800000, 0x0000000742800000|100%| O|  |TAMS 0x0000000742600000| PB 0x0000000742600000| Untracked |  0
|   10|0x0000000742800000, 0x0000000742a00000, 0x0000000742a00000|100%| O|  |TAMS 0x0000000742800000| PB 0x0000000742800000| Untracked |  0
|   11|0x0000000742a00000, 0x0000000742c00000, 0x0000000742c00000|100%| O|  |TAMS 0x0000000742a00000| PB 0x0000000742a00000| Untracked |  0
|   12|0x0000000742c00000, 0x0000000742e00000, 0x0000000742e00000|100%| O|  |TAMS 0x0000000742c00000| PB 0x0000000742c00000| Untracked |  0
|   13|0x0000000742e00000, 0x0000000743000000, 0x0000000743000000|100%| O|  |TAMS 0x0000000742e00000| PB 0x0000000742e00000| Untracked |  0
|   14|0x0000000743000000, 0x0000000743200000, 0x0000000743200000|100%|HS|  |TAMS 0x0000000743000000| PB 0x0000000743000000| Complete  |  0
|   15|0x0000000743200000, 0x0000000743400000, 0x0000000743400000|100%|HC|  |TAMS 0x0000000743200000| PB 0x0000000743200000| Complete  |  0
|   16|0x0000000743400000, 0x0000000743600000, 0x0000000743600000|100%|HC|  |TAMS 0x0000000743400000| PB 0x0000000743400000| Complete  |  0
|   17|0x0000000743600000, 0x0000000743800000, 0x0000000743800000|100%| O|  |TAMS 0x0000000743600000| PB 0x0000000743600000| Untracked |  0
|   18|0x0000000743800000, 0x0000000743a00000, 0x0000000743a00000|100%| O|  |TAMS 0x0000000743800000| PB 0x0000000743800000| Untracked |  0
|   19|0x0000000743a00000, 0x0000000743c00000, 0x0000000743c00000|100%| O|  |TAMS 0x0000000743a00000| PB 0x0000000743a00000| Untracked |  0
|   20|0x0000000743c00000, 0x0000000743e00000, 0x0000000743e00000|100%| O|  |TAMS 0x0000000743c00000| PB 0x0000000743c00000| Untracked |  0
|   21|0x0000000743e00000, 0x0000000744000000, 0x0000000744000000|100%| O|  |TAMS 0x0000000743e00000| PB 0x0000000743e00000| Untracked |  0
|   22|0x0000000744000000, 0x0000000744200000, 0x0000000744200000|100%| O|  |TAMS 0x0000000744000000| PB 0x0000000744000000| Untracked |  0
|   23|0x0000000744200000, 0x0000000744400000, 0x0000000744400000|100%| O|  |TAMS 0x0000000744200000| PB 0x0000000744200000| Untracked |  0
|   24|0x0000000744400000, 0x0000000744600000, 0x0000000744600000|100%| O|  |TAMS 0x0000000744400000| PB 0x0000000744400000| Untracked |  0
|   25|0x0000000744600000, 0x0000000744800000, 0x0000000744800000|100%| O|  |TAMS 0x0000000744600000| PB 0x0000000744600000| Untracked |  0
|   26|0x0000000744800000, 0x0000000744a00000, 0x0000000744a00000|100%| O|  |TAMS 0x0000000744800000| PB 0x0000000744800000| Untracked |  0
|   27|0x0000000744a00000, 0x0000000744c00000, 0x0000000744c00000|100%| O|  |TAMS 0x0000000744a00000| PB 0x0000000744a00000| Untracked |  0
|   28|0x0000000744c00000, 0x0000000744e00000, 0x0000000744e00000|100%|HS|  |TAMS 0x0000000744c00000| PB 0x0000000744c00000| Complete  |  0
|   29|0x0000000744e00000, 0x0000000745000000, 0x0000000745000000|100%|HC|  |TAMS 0x0000000744e00000| PB 0x0000000744e00000| Complete  |  0
|   30|0x0000000745000000, 0x0000000745200000, 0x0000000745200000|100%|HC|  |TAMS 0x0000000745000000| PB 0x0000000745000000| Complete  |  0
|   31|0x0000000745200000, 0x0000000745400000, 0x0000000745400000|100%|HS|  |TAMS 0x0000000745200000| PB 0x0000000745200000| Complete  |  0
|   32|0x0000000745400000, 0x0000000745600000, 0x0000000745600000|100%|HC|  |TAMS 0x0000000745400000| PB 0x0000000745400000| Complete  |  0
|   33|0x0000000745600000, 0x0000000745800000, 0x0000000745800000|100%|HC|  |TAMS 0x0000000745600000| PB 0x0000000745600000| Complete  |  0
|   34|0x0000000745800000, 0x0000000745a00000, 0x0000000745a00000|100%|HS|  |TAMS 0x0000000745800000| PB 0x0000000745800000| Complete  |  0
|   35|0x0000000745a00000, 0x0000000745c00000, 0x0000000745c00000|100%|HC|  |TAMS 0x0000000745a00000| PB 0x0000000745a00000| Complete  |  0
|   36|0x0000000745c00000, 0x0000000745e00000, 0x0000000745e00000|100%|HC|  |TAMS 0x0000000745c00000| PB 0x0000000745c00000| Complete  |  0
|   37|0x0000000745e00000, 0x0000000746000000, 0x0000000746000000|100%|HS|  |TAMS 0x0000000745e00000| PB 0x0000000745e00000| Complete  |  0
|   38|0x0000000746000000, 0x0000000746200000, 0x0000000746200000|100%|HC|  |TAMS 0x0000000746000000| PB 0x0000000746000000| Complete  |  0
|   39|0x0000000746200000, 0x0000000746400000, 0x0000000746400000|100%|HC|  |TAMS 0x0000000746200000| PB 0x0000000746200000| Complete  |  0
|   40|0x0000000746400000, 0x0000000746600000, 0x0000000746600000|100%|HS|  |TAMS 0x0000000746400000| PB 0x0000000746400000| Complete  |  0
|   41|0x0000000746600000, 0x0000000746800000, 0x0000000746800000|100%|HC|  |TAMS 0x0000000746600000| PB 0x0000000746600000| Complete  |  0
|   42|0x0000000746800000, 0x0000000746a00000, 0x0000000746a00000|100%|HC|  |TAMS 0x0000000746800000| PB 0x0000000746800000| Complete  |  0
|   43|0x0000000746a00000, 0x0000000746c00000, 0x0000000746c00000|100%|HS|  |TAMS 0x0000000746a00000| PB 0x0000000746a00000| Complete  |  0
|   44|0x0000000746c00000, 0x0000000746e00000, 0x0000000746e00000|100%|HC|  |TAMS 0x0000000746c00000| PB 0x0000000746c00000| Complete  |  0
|   45|0x0000000746e00000, 0x0000000747000000, 0x0000000747000000|100%|HC|  |TAMS 0x0000000746e00000| PB 0x0000000746e00000| Complete  |  0
|   46|0x0000000747000000, 0x0000000747200000, 0x0000000747200000|100%|HS|  |TAMS 0x0000000747000000| PB 0x0000000747000000| Complete  |  0
|   47|0x0000000747200000, 0x0000000747400000, 0x0000000747400000|100%|HC|  |TAMS 0x0000000747200000| PB 0x0000000747200000| Complete  |  0
|   48|0x0000000747400000, 0x0000000747600000, 0x0000000747600000|100%|HC|  |TAMS 0x0000000747400000| PB 0x0000000747400000| Complete  |  0
|   49|0x0000000747600000, 0x0000000747800000, 0x0000000747800000|100%|HS|  |TAMS 0x0000000747600000| PB 0x0000000747600000| Complete  |  0
|   50|0x0000000747800000, 0x0000000747a00000, 0x0000000747a00000|100%|HC|  |TAMS 0x0000000747800000| PB 0x0000000747800000| Complete  |  0
|   51|0x0000000747a00000, 0x0000000747c00000, 0x0000000747c00000|100%|HC|  |TAMS 0x0000000747a00000| PB 0x0000000747a00000| Complete  |  0
|   52|0x0000000747c00000, 0x0000000747e00000, 0x0000000747e00000|100%|HS|  |TAMS 0x0000000747c00000| PB 0x0000000747c00000| Complete  |  0
|   53|0x0000000747e00000, 0x0000000748000000, 0x0000000748000000|100%|HC|  |TAMS 0x0000000747e00000| PB 0x0000000747e00000| Complete  |  0
|   54|0x0000000748000000, 0x0000000748200000, 0x0000000748200000|100%|HC|  |TAMS 0x0000000748000000| PB 0x0000000748000000| Complete  |  0
|   55|0x0000000748200000, 0x0000000748400000, 0x0000000748400000|100%|HS|  |TAMS 0x0000000748200000| PB 0x0000000748200000| Complete  |  0
|   56|0x0000000748400000, 0x0000000748600000, 0x0000000748600000|100%|HC|  |TAMS 0x0000000748400000| PB 0x0000000748400000| Complete  |  0
|   57|0x0000000748600000, 0x0000000748800000, 0x0000000748800000|100%|HC|  |TAMS 0x0000000748600000| PB 0x0000000748600000| Complete  |  0
|   58|0x0000000748800000, 0x0000000748a00000, 0x0000000748a00000|100%| O|  |TAMS 0x0000000748800000| PB 0x0000000748800000| Untracked |  0
|   59|0x0000000748a00000, 0x0000000748c00000, 0x0000000748c00000|100%|HS|  |TAMS 0x0000000748a00000| PB 0x0000000748a00000| Complete  |  0
|   60|0x0000000748c00000, 0x0000000748e00000, 0x0000000748e00000|100%|HC|  |TAMS 0x0000000748c00000| PB 0x0000000748c00000| Complete  |  0
|   61|0x0000000748e00000, 0x0000000749000000, 0x0000000749000000|100%|HC|  |TAMS 0x0000000748e00000| PB 0x0000000748e00000| Complete  |  0
|   62|0x0000000749000000, 0x0000000749200000, 0x0000000749200000|100%| O|  |TAMS 0x0000000749000000| PB 0x0000000749000000| Untracked |  0
|   63|0x0000000749200000, 0x0000000749400000, 0x0000000749400000|100%|HS|  |TAMS 0x0000000749200000| PB 0x0000000749200000| Complete  |  0
|   64|0x0000000749400000, 0x0000000749600000, 0x0000000749600000|100%|HC|  |TAMS 0x0000000749400000| PB 0x0000000749400000| Complete  |  0
|   65|0x0000000749600000, 0x0000000749800000, 0x0000000749800000|100%|HC|  |TAMS 0x0000000749600000| PB 0x0000000749600000| Complete  |  0
|   66|0x0000000749800000, 0x0000000749a00000, 0x0000000749a00000|100%|HS|  |TAMS 0x0000000749800000| PB 0x0000000749800000| Complete  |  0
|   67|0x0000000749a00000, 0x0000000749c00000, 0x0000000749c00000|100%|HC|  |TAMS 0x0000000749a00000| PB 0x0000000749a00000| Complete  |  0
|   68|0x0000000749c00000, 0x0000000749e00000, 0x0000000749e00000|100%|HC|  |TAMS 0x0000000749c00000| PB 0x0000000749c00000| Complete  |  0
|   69|0x0000000749e00000, 0x000000074a000000, 0x000000074a000000|100%|HS|  |TAMS 0x0000000749e00000| PB 0x0000000749e00000| Complete  |  0
|   70|0x000000074a000000, 0x000000074a200000, 0x000000074a200000|100%|HC|  |TAMS 0x000000074a000000| PB 0x000000074a000000| Complete  |  0
|   71|0x000000074a200000, 0x000000074a400000, 0x000000074a400000|100%|HC|  |TAMS 0x000000074a200000| PB 0x000000074a200000| Complete  |  0
|   72|0x000000074a400000, 0x000000074a600000, 0x000000074a600000|100%| O|  |TAMS 0x000000074a400000| PB 0x000000074a400000| Untracked |  0
|   73|0x000000074a600000, 0x000000074a800000, 0x000000074a800000|100%|HS|  |TAMS 0x000000074a600000| PB 0x000000074a600000| Complete  |  0
|   74|0x000000074a800000, 0x000000074aa00000, 0x000000074aa00000|100%|HS|  |TAMS 0x000000074a800000| PB 0x000000074a800000| Complete  |  0
|   75|0x000000074aa00000, 0x000000074ac00000, 0x000000074ac00000|100%|HS|  |TAMS 0x000000074aa00000| PB 0x000000074aa00000| Complete  |  0
|   76|0x000000074ac00000, 0x000000074ae00000, 0x000000074ae00000|100%|HC|  |TAMS 0x000000074ac00000| PB 0x000000074ac00000| Complete  |  0
|   77|0x000000074ae00000, 0x000000074b000000, 0x000000074b000000|100%|HC|  |TAMS 0x000000074ae00000| PB 0x000000074ae00000| Complete  |  0
|   78|0x000000074b000000, 0x000000074b200000, 0x000000074b200000|100%|HS|  |TAMS 0x000000074b000000| PB 0x000000074b000000| Complete  |  0
|   79|0x000000074b200000, 0x000000074b400000, 0x000000074b400000|100%|HC|  |TAMS 0x000000074b200000| PB 0x000000074b200000| Complete  |  0
|   80|0x000000074b400000, 0x000000074b600000, 0x000000074b600000|100%|HC|  |TAMS 0x000000074b400000| PB 0x000000074b400000| Complete  |  0
|   81|0x000000074b600000, 0x000000074b800000, 0x000000074b800000|100%|HS|  |TAMS 0x000000074b600000| PB 0x000000074b600000| Complete  |  0
|   82|0x000000074b800000, 0x000000074ba00000, 0x000000074ba00000|100%| O|  |TAMS 0x000000074b800000| PB 0x000000074b800000| Untracked |  0
|   83|0x000000074ba00000, 0x000000074bc00000, 0x000000074bc00000|100%|HS|  |TAMS 0x000000074ba00000| PB 0x000000074ba00000| Complete  |  0
|   84|0x000000074bc00000, 0x000000074be00000, 0x000000074be00000|100%|HC|  |TAMS 0x000000074bc00000| PB 0x000000074bc00000| Complete  |  0
|   85|0x000000074be00000, 0x000000074c000000, 0x000000074c000000|100%|HC|  |TAMS 0x000000074be00000| PB 0x000000074be00000| Complete  |  0
|   86|0x000000074c000000, 0x000000074c200000, 0x000000074c200000|100%| O|  |TAMS 0x000000074c000000| PB 0x000000074c000000| Untracked |  0
|   87|0x000000074c200000, 0x000000074c400000, 0x000000074c400000|100%| O|  |TAMS 0x000000074c200000| PB 0x000000074c200000| Untracked |  0
|   88|0x000000074c400000, 0x000000074c600000, 0x000000074c600000|100%|HS|  |TAMS 0x000000074c400000| PB 0x000000074c400000| Complete  |  0
|   89|0x000000074c600000, 0x000000074c800000, 0x000000074c800000|100%|HC|  |TAMS 0x000000074c600000| PB 0x000000074c600000| Complete  |  0
|   90|0x000000074c800000, 0x000000074ca00000, 0x000000074ca00000|100%|HC|  |TAMS 0x000000074c800000| PB 0x000000074c800000| Complete  |  0
|   91|0x000000074ca00000, 0x000000074cc00000, 0x000000074cc00000|100%|HS|  |TAMS 0x000000074ca00000| PB 0x000000074ca00000| Complete  |  0
|   92|0x000000074cc00000, 0x000000074ce00000, 0x000000074ce00000|100%| O|  |TAMS 0x000000074cc00000| PB 0x000000074cc00000| Untracked |  0
|   93|0x000000074ce00000, 0x000000074d000000, 0x000000074d000000|100%| O|  |TAMS 0x000000074ce00000| PB 0x000000074ce00000| Untracked |  0
|   94|0x000000074d000000, 0x000000074d200000, 0x000000074d200000|100%|HS|  |TAMS 0x000000074d000000| PB 0x000000074d000000| Complete  |  0
|   95|0x000000074d200000, 0x000000074d400000, 0x000000074d400000|100%|HC|  |TAMS 0x000000074d200000| PB 0x000000074d200000| Complete  |  0
|   96|0x000000074d400000, 0x000000074d600000, 0x000000074d600000|100%|HC|  |TAMS 0x000000074d400000| PB 0x000000074d400000| Complete  |  0
|   97|0x000000074d600000, 0x000000074d800000, 0x000000074d800000|100%|HS|  |TAMS 0x000000074d600000| PB 0x000000074d600000| Complete  |  0
|   98|0x000000074d800000, 0x000000074da00000, 0x000000074da00000|100%| O|  |TAMS 0x000000074d800000| PB 0x000000074d800000| Untracked |  0
|   99|0x000000074da00000, 0x000000074dc00000, 0x000000074dc00000|100%| O|  |TAMS 0x000000074da00000| PB 0x000000074da00000| Untracked |  0
|  100|0x000000074dc00000, 0x000000074de00000, 0x000000074de00000|100%| O|  |TAMS 0x000000074dc00000| PB 0x000000074dc00000| Untracked |  0
|  101|0x000000074de00000, 0x000000074e000000, 0x000000074e000000|100%| O|  |TAMS 0x000000074de00000| PB 0x000000074de00000| Untracked |  0
|  102|0x000000074e000000, 0x000000074e200000, 0x000000074e200000|100%| O|  |TAMS 0x000000074e000000| PB 0x000000074e000000| Untracked |  0
|  103|0x000000074e200000, 0x000000074e400000, 0x000000074e400000|100%|HS|  |TAMS 0x000000074e200000| PB 0x000000074e200000| Complete  |  0
|  104|0x000000074e400000, 0x000000074e600000, 0x000000074e600000|100%|HC|  |TAMS 0x000000074e400000| PB 0x000000074e400000| Complete  |  0
|  105|0x000000074e600000, 0x000000074e800000, 0x000000074e800000|100%|HC|  |TAMS 0x000000074e600000| PB 0x000000074e600000| Complete  |  0
|  106|0x000000074e800000, 0x000000074ea00000, 0x000000074ea00000|100%| O|  |TAMS 0x000000074e800000| PB 0x000000074e800000| Untracked |  0
|  107|0x000000074ea00000, 0x000000074ec00000, 0x000000074ec00000|100%| O|  |TAMS 0x000000074ea00000| PB 0x000000074ea00000| Untracked |  0
|  108|0x000000074ec00000, 0x000000074ee00000, 0x000000074ee00000|100%| O|  |TAMS 0x000000074ec00000| PB 0x000000074ec00000| Untracked |  0
|  109|0x000000074ee00000, 0x000000074f000000, 0x000000074f000000|100%| O|  |TAMS 0x000000074ee00000| PB 0x000000074ee00000| Untracked |  0
|  110|0x000000074f000000, 0x000000074f200000, 0x000000074f200000|100%| O|  |TAMS 0x000000074f000000| PB 0x000000074f000000| Untracked |  0
|  111|0x000000074f200000, 0x000000074f400000, 0x000000074f400000|100%| O|  |TAMS 0x000000074f200000| PB 0x000000074f200000| Untracked |  0
|  112|0x000000074f400000, 0x000000074f600000, 0x000000074f600000|100%|HS|  |TAMS 0x000000074f400000| PB 0x000000074f400000| Complete  |  0
|  113|0x000000074f600000, 0x000000074f800000, 0x000000074f800000|100%|HC|  |TAMS 0x000000074f600000| PB 0x000000074f600000| Complete  |  0
|  114|0x000000074f800000, 0x000000074fa00000, 0x000000074fa00000|100%|HC|  |TAMS 0x000000074f800000| PB 0x000000074f800000| Complete  |  0
|  115|0x000000074fa00000, 0x000000074fc00000, 0x000000074fc00000|100%|HS|  |TAMS 0x000000074fa00000| PB 0x000000074fa00000| Complete  |  0
|  116|0x000000074fc00000, 0x000000074fe00000, 0x000000074fe00000|100%|HS|  |TAMS 0x000000074fc00000| PB 0x000000074fc00000| Complete  |  0
|  117|0x000000074fe00000, 0x0000000750000000, 0x0000000750000000|100%|HC|  |TAMS 0x000000074fe00000| PB 0x000000074fe00000| Complete  |  0
|  118|0x0000000750000000, 0x0000000750200000, 0x0000000750200000|100%|HC|  |TAMS 0x0000000750000000| PB 0x0000000750000000| Complete  |  0
|  119|0x0000000750200000, 0x0000000750400000, 0x0000000750400000|100%|HS|  |TAMS 0x0000000750200000| PB 0x0000000750200000| Complete  |  0
|  120|0x0000000750400000, 0x0000000750600000, 0x0000000750600000|100%|HC|  |TAMS 0x0000000750400000| PB 0x0000000750400000| Complete  |  0
|  121|0x0000000750600000, 0x0000000750800000, 0x0000000750800000|100%|HC|  |TAMS 0x0000000750600000| PB 0x0000000750600000| Complete  |  0
|  122|0x0000000750800000, 0x0000000750a00000, 0x0000000750a00000|100%|HS|  |TAMS 0x0000000750800000| PB 0x0000000750800000| Complete  |  0
|  123|0x0000000750a00000, 0x0000000750c00000, 0x0000000750c00000|100%|HC|  |TAMS 0x0000000750a00000| PB 0x0000000750a00000| Complete  |  0
|  124|0x0000000750c00000, 0x0000000750e00000, 0x0000000750e00000|100%|HC|  |TAMS 0x0000000750c00000| PB 0x0000000750c00000| Complete  |  0
|  125|0x0000000750e00000, 0x0000000751000000, 0x0000000751000000|100%|HS|  |TAMS 0x0000000750e00000| PB 0x0000000750e00000| Complete  |  0
|  126|0x0000000751000000, 0x0000000751200000, 0x0000000751200000|100%|HC|  |TAMS 0x0000000751000000| PB 0x0000000751000000| Complete  |  0
|  127|0x0000000751200000, 0x0000000751400000, 0x0000000751400000|100%|HC|  |TAMS 0x0000000751200000| PB 0x0000000751200000| Complete  |  0
|  128|0x0000000751400000, 0x0000000751600000, 0x0000000751600000|100%|HS|  |TAMS 0x0000000751400000| PB 0x0000000751400000| Complete  |  0
|  129|0x0000000751600000, 0x0000000751800000, 0x0000000751800000|100%|HC|  |TAMS 0x0000000751600000| PB 0x0000000751600000| Complete  |  0
|  130|0x0000000751800000, 0x0000000751a00000, 0x0000000751a00000|100%|HC|  |TAMS 0x0000000751800000| PB 0x0000000751800000| Complete  |  0
|  131|0x0000000751a00000, 0x0000000751c00000, 0x0000000751c00000|100%|HS|  |TAMS 0x0000000751a00000| PB 0x0000000751a00000| Complete  |  0
|  132|0x0000000751c00000, 0x0000000751e00000, 0x0000000751e00000|100%|HC|  |TAMS 0x0000000751c00000| PB 0x0000000751c00000| Complete  |  0
|  133|0x0000000751e00000, 0x0000000752000000, 0x0000000752000000|100%|HC|  |TAMS 0x0000000751e00000| PB 0x0000000751e00000| Complete  |  0
|  134|0x0000000752000000, 0x0000000752200000, 0x0000000752200000|100%|HS|  |TAMS 0x0000000752000000| PB 0x0000000752000000| Complete  |  0
|  135|0x0000000752200000, 0x0000000752400000, 0x0000000752400000|100%|HC|  |TAMS 0x0000000752200000| PB 0x0000000752200000| Complete  |  0
|  136|0x0000000752400000, 0x0000000752600000, 0x0000000752600000|100%|HC|  |TAMS 0x0000000752400000| PB 0x0000000752400000| Complete  |  0
|  137|0x0000000752600000, 0x0000000752800000, 0x0000000752800000|100%| O|  |TAMS 0x0000000752600000| PB 0x0000000752600000| Untracked |  0
|  138|0x0000000752800000, 0x0000000752a00000, 0x0000000752a00000|100%|HS|  |TAMS 0x0000000752800000| PB 0x0000000752800000| Complete  |  0
|  139|0x0000000752a00000, 0x0000000752c00000, 0x0000000752c00000|100%|HS|  |TAMS 0x0000000752a00000| PB 0x0000000752a00000| Complete  |  0
|  140|0x0000000752c00000, 0x0000000752e00000, 0x0000000752e00000|100%|HS|  |TAMS 0x0000000752c00000| PB 0x0000000752c00000| Complete  |  0
|  141|0x0000000752e00000, 0x0000000753000000, 0x0000000753000000|100%|HC|  |TAMS 0x0000000752e00000| PB 0x0000000752e00000| Complete  |  0
|  142|0x0000000753000000, 0x0000000753200000, 0x0000000753200000|100%|HC|  |TAMS 0x0000000753000000| PB 0x0000000753000000| Complete  |  0
|  143|0x0000000753200000, 0x0000000753400000, 0x0000000753400000|100%|HS|  |TAMS 0x0000000753200000| PB 0x0000000753200000| Complete  |  0
|  144|0x0000000753400000, 0x0000000753600000, 0x0000000753600000|100%|HC|  |TAMS 0x0000000753400000| PB 0x0000000753400000| Complete  |  0
|  145|0x0000000753600000, 0x0000000753800000, 0x0000000753800000|100%|HC|  |TAMS 0x0000000753600000| PB 0x0000000753600000| Complete  |  0
|  146|0x0000000753800000, 0x0000000753a00000, 0x0000000753a00000|100%|HS|  |TAMS 0x0000000753800000| PB 0x0000000753800000| Complete  |  0
|  147|0x0000000753a00000, 0x0000000753c00000, 0x0000000753c00000|100%|HC|  |TAMS 0x0000000753a00000| PB 0x0000000753a00000| Complete  |  0
|  148|0x0000000753c00000, 0x0000000753e00000, 0x0000000753e00000|100%|HC|  |TAMS 0x0000000753c00000| PB 0x0000000753c00000| Complete  |  0
|  149|0x0000000753e00000, 0x0000000754000000, 0x0000000754000000|100%|HS|  |TAMS 0x0000000753e00000| PB 0x0000000753e00000| Complete  |  0
|  150|0x0000000754000000, 0x0000000754200000, 0x0000000754200000|100%|HC|  |TAMS 0x0000000754000000| PB 0x0000000754000000| Complete  |  0
|  151|0x0000000754200000, 0x0000000754400000, 0x0000000754400000|100%|HC|  |TAMS 0x0000000754200000| PB 0x0000000754200000| Complete  |  0
|  152|0x0000000754400000, 0x0000000754600000, 0x0000000754600000|100%|HS|  |TAMS 0x0000000754400000| PB 0x0000000754400000| Complete  |  0
|  153|0x0000000754600000, 0x0000000754800000, 0x0000000754800000|100%|HC|  |TAMS 0x0000000754600000| PB 0x0000000754600000| Complete  |  0
|  154|0x0000000754800000, 0x0000000754a00000, 0x0000000754a00000|100%|HC|  |TAMS 0x0000000754800000| PB 0x0000000754800000| Complete  |  0
|  155|0x0000000754a00000, 0x0000000754c00000, 0x0000000754c00000|100%| O|  |TAMS 0x0000000754a00000| PB 0x0000000754a00000| Untracked |  0
|  156|0x0000000754c00000, 0x0000000754e00000, 0x0000000754e00000|100%|HS|  |TAMS 0x0000000754c00000| PB 0x0000000754c00000| Complete  |  0
|  157|0x0000000754e00000, 0x0000000755000000, 0x0000000755000000|100%|HS|  |TAMS 0x0000000754e00000| PB 0x0000000754e00000| Complete  |  0
|  158|0x0000000755000000, 0x0000000755200000, 0x0000000755200000|100%|HC|  |TAMS 0x0000000755000000| PB 0x0000000755000000| Complete  |  0
|  159|0x0000000755200000, 0x0000000755400000, 0x0000000755400000|100%|HC|  |TAMS 0x0000000755200000| PB 0x0000000755200000| Complete  |  0
|  160|0x0000000755400000, 0x0000000755600000, 0x0000000755600000|100%|HS|  |TAMS 0x0000000755400000| PB 0x0000000755400000| Complete  |  0
|  161|0x0000000755600000, 0x0000000755800000, 0x0000000755800000|100%|HC|  |TAMS 0x0000000755600000| PB 0x0000000755600000| Complete  |  0
|  162|0x0000000755800000, 0x0000000755a00000, 0x0000000755a00000|100%|HC|  |TAMS 0x0000000755800000| PB 0x0000000755800000| Complete  |  0
|  163|0x0000000755a00000, 0x0000000755c00000, 0x0000000755c00000|100%|HS|  |TAMS 0x0000000755a00000| PB 0x0000000755a00000| Complete  |  0
|  164|0x0000000755c00000, 0x0000000755e00000, 0x0000000755e00000|100%|HC|  |TAMS 0x0000000755c00000| PB 0x0000000755c00000| Complete  |  0
|  165|0x0000000755e00000, 0x0000000756000000, 0x0000000756000000|100%|HC|  |TAMS 0x0000000755e00000| PB 0x0000000755e00000| Complete  |  0
|  166|0x0000000756000000, 0x0000000756200000, 0x0000000756200000|100%|HS|  |TAMS 0x0000000756000000| PB 0x0000000756000000| Complete  |  0
|  167|0x0000000756200000, 0x0000000756400000, 0x0000000756400000|100%|HC|  |TAMS 0x0000000756200000| PB 0x0000000756200000| Complete  |  0
|  168|0x0000000756400000, 0x0000000756600000, 0x0000000756600000|100%|HC|  |TAMS 0x0000000756400000| PB 0x0000000756400000| Complete  |  0
|  169|0x0000000756600000, 0x0000000756800000, 0x0000000756800000|100%|HS|  |TAMS 0x0000000756600000| PB 0x0000000756600000| Complete  |  0
|  170|0x0000000756800000, 0x0000000756a00000, 0x0000000756a00000|100%|HC|  |TAMS 0x0000000756800000| PB 0x0000000756800000| Complete  |  0
|  171|0x0000000756a00000, 0x0000000756c00000, 0x0000000756c00000|100%|HC|  |TAMS 0x0000000756a00000| PB 0x0000000756a00000| Complete  |  0
|  172|0x0000000756c00000, 0x0000000756e00000, 0x0000000756e00000|100%|HS|  |TAMS 0x0000000756c00000| PB 0x0000000756c00000| Complete  |  0
|  173|0x0000000756e00000, 0x0000000757000000, 0x0000000757000000|100%|HC|  |TAMS 0x0000000756e00000| PB 0x0000000756e00000| Complete  |  0
|  174|0x0000000757000000, 0x0000000757200000, 0x0000000757200000|100%|HC|  |TAMS 0x0000000757000000| PB 0x0000000757000000| Complete  |  0
|  175|0x0000000757200000, 0x0000000757400000, 0x0000000757400000|100%|HS|  |TAMS 0x0000000757200000| PB 0x0000000757200000| Complete  |  0
|  176|0x0000000757400000, 0x0000000757600000, 0x0000000757600000|100%|HC|  |TAMS 0x0000000757400000| PB 0x0000000757400000| Complete  |  0
|  177|0x0000000757600000, 0x0000000757800000, 0x0000000757800000|100%|HC|  |TAMS 0x0000000757600000| PB 0x0000000757600000| Complete  |  0
|  178|0x0000000757800000, 0x0000000757a00000, 0x0000000757a00000|100%| O|  |TAMS 0x0000000757800000| PB 0x0000000757800000| Untracked |  0
|  179|0x0000000757a00000, 0x0000000757c00000, 0x0000000757c00000|100%| O|  |TAMS 0x0000000757a00000| PB 0x0000000757a00000| Untracked |  0
|  180|0x0000000757c00000, 0x0000000757e00000, 0x0000000757e00000|100%|HS|  |TAMS 0x0000000757c00000| PB 0x0000000757c00000| Complete  |  0
|  181|0x0000000757e00000, 0x0000000758000000, 0x0000000758000000|100%|HS|  |TAMS 0x0000000757e00000| PB 0x0000000757e00000| Complete  |  0
|  182|0x0000000758000000, 0x0000000758200000, 0x0000000758200000|100%|HC|  |TAMS 0x0000000758000000| PB 0x0000000758000000| Complete  |  0
|  183|0x0000000758200000, 0x0000000758400000, 0x0000000758400000|100%|HC|  |TAMS 0x0000000758200000| PB 0x0000000758200000| Complete  |  0
|  184|0x0000000758400000, 0x0000000758600000, 0x0000000758600000|100%|HS|  |TAMS 0x0000000758400000| PB 0x0000000758400000| Complete  |  0
|  185|0x0000000758600000, 0x0000000758800000, 0x0000000758800000|100%|HC|  |TAMS 0x0000000758600000| PB 0x0000000758600000| Complete  |  0
|  186|0x0000000758800000, 0x0000000758a00000, 0x0000000758a00000|100%|HC|  |TAMS 0x0000000758800000| PB 0x0000000758800000| Complete  |  0
|  187|0x0000000758a00000, 0x0000000758c00000, 0x0000000758c00000|100%|HS|  |TAMS 0x0000000758a00000| PB 0x0000000758a00000| Complete  |  0
|  188|0x0000000758c00000, 0x0000000758e00000, 0x0000000758e00000|100%|HC|  |TAMS 0x0000000758c00000| PB 0x0000000758c00000| Complete  |  0
|  189|0x0000000758e00000, 0x0000000759000000, 0x0000000759000000|100%|HC|  |TAMS 0x0000000758e00000| PB 0x0000000758e00000| Complete  |  0
|  190|0x0000000759000000, 0x0000000759200000, 0x0000000759200000|100%|HS|  |TAMS 0x0000000759000000| PB 0x0000000759000000| Complete  |  0
|  191|0x0000000759200000, 0x0000000759400000, 0x0000000759400000|100%|HC|  |TAMS 0x0000000759200000| PB 0x0000000759200000| Complete  |  0
|  192|0x0000000759400000, 0x0000000759600000, 0x0000000759600000|100%|HC|  |TAMS 0x0000000759400000| PB 0x0000000759400000| Complete  |  0
|  193|0x0000000759600000, 0x0000000759800000, 0x0000000759800000|100%|HS|  |TAMS 0x0000000759600000| PB 0x0000000759600000| Complete  |  0
|  194|0x0000000759800000, 0x0000000759a00000, 0x0000000759a00000|100%|HC|  |TAMS 0x0000000759800000| PB 0x0000000759800000| Complete  |  0
|  195|0x0000000759a00000, 0x0000000759c00000, 0x0000000759c00000|100%|HC|  |TAMS 0x0000000759a00000| PB 0x0000000759a00000| Complete  |  0
|  196|0x0000000759c00000, 0x0000000759e00000, 0x0000000759e00000|100%|HS|  |TAMS 0x0000000759c00000| PB 0x0000000759c00000| Complete  |  0
|  197|0x0000000759e00000, 0x000000075a000000, 0x000000075a000000|100%|HC|  |TAMS 0x0000000759e00000| PB 0x0000000759e00000| Complete  |  0
|  198|0x000000075a000000, 0x000000075a200000, 0x000000075a200000|100%|HC|  |TAMS 0x000000075a000000| PB 0x000000075a000000| Complete  |  0
|  199|0x000000075a200000, 0x000000075a400000, 0x000000075a400000|100%|HS|  |TAMS 0x000000075a200000| PB 0x000000075a200000| Complete  |  0
|  200|0x000000075a400000, 0x000000075a600000, 0x000000075a600000|100%|HC|  |TAMS 0x000000075a400000| PB 0x000000075a400000| Complete  |  0
|  201|0x000000075a600000, 0x000000075a800000, 0x000000075a800000|100%|HC|  |TAMS 0x000000075a600000| PB 0x000000075a600000| Complete  |  0
|  202|0x000000075a800000, 0x000000075aa00000, 0x000000075aa00000|100%|HS|  |TAMS 0x000000075a800000| PB 0x000000075a800000| Complete  |  0
|  203|0x000000075aa00000, 0x000000075ac00000, 0x000000075ac00000|100%|HC|  |TAMS 0x000000075aa00000| PB 0x000000075aa00000| Complete  |  0
|  204|0x000000075ac00000, 0x000000075ae00000, 0x000000075ae00000|100%|HC|  |TAMS 0x000000075ac00000| PB 0x000000075ac00000| Complete  |  0
|  205|0x000000075ae00000, 0x000000075b000000, 0x000000075b000000|100%|HS|  |TAMS 0x000000075ae00000| PB 0x000000075ae00000| Complete  |  0
|  206|0x000000075b000000, 0x000000075b200000, 0x000000075b200000|100%|HC|  |TAMS 0x000000075b000000| PB 0x000000075b000000| Complete  |  0
|  207|0x000000075b200000, 0x000000075b400000, 0x000000075b400000|100%|HC|  |TAMS 0x000000075b200000| PB 0x000000075b200000| Complete  |  0
|  208|0x000000075b400000, 0x000000075b600000, 0x000000075b600000|100%|HS|  |TAMS 0x000000075b400000| PB 0x000000075b400000| Complete  |  0
|  209|0x000000075b600000, 0x000000075b800000, 0x000000075b800000|100%|HC|  |TAMS 0x000000075b600000| PB 0x000000075b600000| Complete  |  0
|  210|0x000000075b800000, 0x000000075ba00000, 0x000000075ba00000|100%|HC|  |TAMS 0x000000075b800000| PB 0x000000075b800000| Complete  |  0
|  211|0x000000075ba00000, 0x000000075bc00000, 0x000000075bc00000|100%|HS|  |TAMS 0x000000075ba00000| PB 0x000000075ba00000| Complete  |  0
|  212|0x000000075bc00000, 0x000000075be00000, 0x000000075be00000|100%|HC|  |TAMS 0x000000075bc00000| PB 0x000000075bc00000| Complete  |  0
|  213|0x000000075be00000, 0x000000075c000000, 0x000000075c000000|100%|HC|  |TAMS 0x000000075be00000| PB 0x000000075be00000| Complete  |  0
|  214|0x000000075c000000, 0x000000075c200000, 0x000000075c200000|100%|HS|  |TAMS 0x000000075c000000| PB 0x000000075c000000| Complete  |  0
|  215|0x000000075c200000, 0x000000075c400000, 0x000000075c400000|100%|HC|  |TAMS 0x000000075c200000| PB 0x000000075c200000| Complete  |  0
|  216|0x000000075c400000, 0x000000075c600000, 0x000000075c600000|100%|HC|  |TAMS 0x000000075c400000| PB 0x000000075c400000| Complete  |  0
|  217|0x000000075c600000, 0x000000075c800000, 0x000000075c800000|100%|HS|  |TAMS 0x000000075c600000| PB 0x000000075c600000| Complete  |  0
|  218|0x000000075c800000, 0x000000075ca00000, 0x000000075ca00000|100%|HC|  |TAMS 0x000000075c800000| PB 0x000000075c800000| Complete  |  0
|  219|0x000000075ca00000, 0x000000075cc00000, 0x000000075cc00000|100%|HC|  |TAMS 0x000000075ca00000| PB 0x000000075ca00000| Complete  |  0
|  220|0x000000075cc00000, 0x000000075ce00000, 0x000000075ce00000|100%| O|  |TAMS 0x000000075cc00000| PB 0x000000075cc00000| Untracked |  0
|  221|0x000000075ce00000, 0x000000075d000000, 0x000000075d000000|100%| O|  |TAMS 0x000000075ce00000| PB 0x000000075ce00000| Untracked |  0
|  222|0x000000075d000000, 0x000000075d200000, 0x000000075d200000|100%| O|  |TAMS 0x000000075d000000| PB 0x000000075d000000| Untracked |  0
|  223|0x000000075d200000, 0x000000075d400000, 0x000000075d400000|100%|HS|  |TAMS 0x000000075d200000| PB 0x000000075d200000| Complete  |  0
|  224|0x000000075d400000, 0x000000075d600000, 0x000000075d600000|100%|HC|  |TAMS 0x000000075d400000| PB 0x000000075d400000| Complete  |  0
|  225|0x000000075d600000, 0x000000075d800000, 0x000000075d800000|100%|HC|  |TAMS 0x000000075d600000| PB 0x000000075d600000| Complete  |  0
|  226|0x000000075d800000, 0x000000075da00000, 0x000000075da00000|100%|HS|  |TAMS 0x000000075d800000| PB 0x000000075d800000| Complete  |  0
|  227|0x000000075da00000, 0x000000075dc00000, 0x000000075dc00000|100%|HC|  |TAMS 0x000000075da00000| PB 0x000000075da00000| Complete  |  0
|  228|0x000000075dc00000, 0x000000075de00000, 0x000000075de00000|100%|HC|  |TAMS 0x000000075dc00000| PB 0x000000075dc00000| Complete  |  0
|  229|0x000000075de00000, 0x000000075e000000, 0x000000075e000000|100%|HS|  |TAMS 0x000000075de00000| PB 0x000000075de00000| Complete  |  0
|  230|0x000000075e000000, 0x000000075e200000, 0x000000075e200000|100%|HC|  |TAMS 0x000000075e000000| PB 0x000000075e000000| Complete  |  0
|  231|0x000000075e200000, 0x000000075e400000, 0x000000075e400000|100%|HC|  |TAMS 0x000000075e200000| PB 0x000000075e200000| Complete  |  0
|  232|0x000000075e400000, 0x000000075e600000, 0x000000075e600000|100%|HS|  |TAMS 0x000000075e400000| PB 0x000000075e400000| Complete  |  0
|  233|0x000000075e600000, 0x000000075e800000, 0x000000075e800000|100%|HC|  |TAMS 0x000000075e600000| PB 0x000000075e600000| Complete  |  0
|  234|0x000000075e800000, 0x000000075ea00000, 0x000000075ea00000|100%|HC|  |TAMS 0x000000075e800000| PB 0x000000075e800000| Complete  |  0
|  235|0x000000075ea00000, 0x000000075ec00000, 0x000000075ec00000|100%|HS|  |TAMS 0x000000075ea00000| PB 0x000000075ea00000| Complete  |  0
|  236|0x000000075ec00000, 0x000000075ee00000, 0x000000075ee00000|100%|HC|  |TAMS 0x000000075ec00000| PB 0x000000075ec00000| Complete  |  0
|  237|0x000000075ee00000, 0x000000075f000000, 0x000000075f000000|100%|HC|  |TAMS 0x000000075ee00000| PB 0x000000075ee00000| Complete  |  0
|  238|0x000000075f000000, 0x000000075f200000, 0x000000075f200000|100%|HS|  |TAMS 0x000000075f000000| PB 0x000000075f000000| Complete  |  0
|  239|0x000000075f200000, 0x000000075f400000, 0x000000075f400000|100%|HC|  |TAMS 0x000000075f200000| PB 0x000000075f200000| Complete  |  0
|  240|0x000000075f400000, 0x000000075f600000, 0x000000075f600000|100%|HC|  |TAMS 0x000000075f400000| PB 0x000000075f400000| Complete  |  0
|  241|0x000000075f600000, 0x000000075f800000, 0x000000075f800000|100%|HS|  |TAMS 0x000000075f600000| PB 0x000000075f600000| Complete  |  0
|  242|0x000000075f800000, 0x000000075fa00000, 0x000000075fa00000|100%|HC|  |TAMS 0x000000075f800000| PB 0x000000075f800000| Complete  |  0
|  243|0x000000075fa00000, 0x000000075fc00000, 0x000000075fc00000|100%|HC|  |TAMS 0x000000075fa00000| PB 0x000000075fa00000| Complete  |  0
|  244|0x000000075fc00000, 0x000000075fe00000, 0x000000075fe00000|100%|HS|  |TAMS 0x000000075fc00000| PB 0x000000075fc00000| Complete  |  0
|  245|0x000000075fe00000, 0x0000000760000000, 0x0000000760000000|100%|HS|  |TAMS 0x000000075fe00000| PB 0x000000075fe00000| Complete  |  0
|  246|0x0000000760000000, 0x0000000760200000, 0x0000000760200000|100%|HS|  |TAMS 0x0000000760000000| PB 0x0000000760000000| Complete  |  0
|  247|0x0000000760200000, 0x0000000760400000, 0x0000000760400000|100%|HS|  |TAMS 0x0000000760200000| PB 0x0000000760200000| Complete  |  0
|  248|0x0000000760400000, 0x0000000760600000, 0x0000000760600000|100%|HS|  |TAMS 0x0000000760400000| PB 0x0000000760400000| Complete  |  0
|  249|0x0000000760600000, 0x0000000760800000, 0x0000000760800000|100%|HS|  |TAMS 0x0000000760600000| PB 0x0000000760600000| Complete  |  0
|  250|0x0000000760800000, 0x0000000760a00000, 0x0000000760a00000|100%|HS|  |TAMS 0x0000000760800000| PB 0x0000000760800000| Complete  |  0
|  251|0x0000000760a00000, 0x0000000760c00000, 0x0000000760c00000|100%|HS|  |TAMS 0x0000000760a00000| PB 0x0000000760a00000| Complete  |  0
|  252|0x0000000760c00000, 0x0000000760e00000, 0x0000000760e00000|100%| O|  |TAMS 0x0000000760c00000| PB 0x0000000760c00000| Untracked |  0
|  253|0x0000000760e00000, 0x0000000761000000, 0x0000000761000000|100%|HS|  |TAMS 0x0000000760e00000| PB 0x0000000760e00000| Complete  |  0
|  254|0x0000000761000000, 0x0000000761200000, 0x0000000761200000|100%|HC|  |TAMS 0x0000000761000000| PB 0x0000000761000000| Complete  |  0
|  255|0x0000000761200000, 0x0000000761400000, 0x0000000761400000|100%|HC|  |TAMS 0x0000000761200000| PB 0x0000000761200000| Complete  |  0
|  256|0x0000000761400000, 0x0000000761600000, 0x0000000761600000|100%|HS|  |TAMS 0x0000000761400000| PB 0x0000000761400000| Complete  |  0
|  257|0x0000000761600000, 0x0000000761800000, 0x0000000761800000|100%|HS|  |TAMS 0x0000000761600000| PB 0x0000000761600000| Complete  |  0
|  258|0x0000000761800000, 0x0000000761a00000, 0x0000000761a00000|100%|HS|  |TAMS 0x0000000761800000| PB 0x0000000761800000| Complete  |  0
|  259|0x0000000761a00000, 0x0000000761c00000, 0x0000000761c00000|100%| O|  |TAMS 0x0000000761a00000| PB 0x0000000761a00000| Untracked |  0
|  260|0x0000000761c00000, 0x0000000761e00000, 0x0000000761e00000|100%|HS|  |TAMS 0x0000000761c00000| PB 0x0000000761c00000| Complete  |  0
|  261|0x0000000761e00000, 0x0000000762000000, 0x0000000762000000|100%|HS|  |TAMS 0x0000000761e00000| PB 0x0000000761e00000| Complete  |  0
|  262|0x0000000762000000, 0x0000000762200000, 0x0000000762200000|100%|HC|  |TAMS 0x0000000762000000| PB 0x0000000762000000| Complete  |  0
|  263|0x0000000762200000, 0x0000000762400000, 0x0000000762400000|100%|HC|  |TAMS 0x0000000762200000| PB 0x0000000762200000| Complete  |  0
|  264|0x0000000762400000, 0x0000000762600000, 0x0000000762600000|100%|HS|  |TAMS 0x0000000762400000| PB 0x0000000762400000| Complete  |  0
|  265|0x0000000762600000, 0x0000000762800000, 0x0000000762800000|100%|HS|  |TAMS 0x0000000762600000| PB 0x0000000762600000| Complete  |  0
|  266|0x0000000762800000, 0x0000000762a00000, 0x0000000762a00000|100%|HS|  |TAMS 0x0000000762800000| PB 0x0000000762800000| Complete  |  0
|  267|0x0000000762a00000, 0x0000000762c00000, 0x0000000762c00000|100%| O|  |TAMS 0x0000000762a00000| PB 0x0000000762a00000| Untracked |  0
|  268|0x0000000762c00000, 0x0000000762c10d38, 0x0000000762e00000|  3%| O|  |TAMS 0x0000000762c00000| PB 0x0000000762c00000| Untracked |  0
|  269|0x0000000762e00000, 0x0000000763000000, 0x0000000763000000|100%|HS|  |TAMS 0x0000000762e00000| PB 0x0000000762e00000| Complete  |  0
|  270|0x0000000763000000, 0x0000000763200000, 0x0000000763200000|100%| O|  |TAMS 0x0000000763000000| PB 0x0000000763000000| Untracked |  0
|  271|0x0000000763200000, 0x0000000763400000, 0x0000000763400000|100%|HS|  |TAMS 0x0000000763200000| PB 0x0000000763200000| Complete  |  0
|  272|0x0000000763400000, 0x0000000763600000, 0x0000000763600000|100%|HS|  |TAMS 0x0000000763400000| PB 0x0000000763400000| Complete  |  0
|  273|0x0000000763600000, 0x0000000763800000, 0x0000000763800000|100%| O|  |TAMS 0x0000000763600000| PB 0x0000000763600000| Untracked |  0
|  274|0x0000000763800000, 0x0000000763800000, 0x0000000763a00000|  0%| F|  |TAMS 0x0000000763800000| PB 0x0000000763800000| Untracked |  0
|  275|0x0000000763a00000, 0x0000000763a00000, 0x0000000763c00000|  0%| F|  |TAMS 0x0000000763a00000| PB 0x0000000763a00000| Untracked |  0
|  276|0x0000000763c00000, 0x0000000763e00000, 0x0000000763e00000|100%|HS|  |TAMS 0x0000000763c00000| PB 0x0000000763c00000| Complete  |  0
|  277|0x0000000763e00000, 0x0000000764000000, 0x0000000764000000|100%|HS|  |TAMS 0x0000000763e00000| PB 0x0000000763e00000| Complete  |  0
|  278|0x0000000764000000, 0x0000000764200000, 0x0000000764200000|100%|HS|  |TAMS 0x0000000764000000| PB 0x0000000764000000| Complete  |  0
|  279|0x0000000764200000, 0x0000000764400000, 0x0000000764400000|100%|HS|  |TAMS 0x0000000764200000| PB 0x0000000764200000| Complete  |  0
|  280|0x0000000764400000, 0x0000000764600000, 0x0000000764600000|100%|HS|  |TAMS 0x0000000764400000| PB 0x0000000764400000| Complete  |  0
|  281|0x0000000764600000, 0x0000000764600000, 0x0000000764800000|  0%| F|  |TAMS 0x0000000764600000| PB 0x0000000764600000| Untracked |  0
|  282|0x0000000764800000, 0x0000000764800000, 0x0000000764a00000|  0%| F|  |TAMS 0x0000000764800000| PB 0x0000000764800000| Untracked |  0
|  283|0x0000000764a00000, 0x0000000764c00000, 0x0000000764c00000|100%|HS|  |TAMS 0x0000000764a00000| PB 0x0000000764a00000| Complete  |  0
|  284|0x0000000764c00000, 0x0000000764e00000, 0x0000000764e00000|100%|HS|  |TAMS 0x0000000764c00000| PB 0x0000000764c00000| Complete  |  0
|  285|0x0000000764e00000, 0x0000000765000000, 0x0000000765000000|100%|HS|  |TAMS 0x0000000764e00000| PB 0x0000000764e00000| Complete  |  0
|  286|0x0000000765000000, 0x0000000765200000, 0x0000000765200000|100%|HS|  |TAMS 0x0000000765000000| PB 0x0000000765000000| Complete  |  0
|  287|0x0000000765200000, 0x0000000765400000, 0x0000000765400000|100%|HC|  |TAMS 0x0000000765200000| PB 0x0000000765200000| Complete  |  0
|  288|0x0000000765400000, 0x0000000765600000, 0x0000000765600000|100%|HC|  |TAMS 0x0000000765400000| PB 0x0000000765400000| Complete  |  0
|  289|0x0000000765600000, 0x0000000765800000, 0x0000000765800000|100%|HS|  |TAMS 0x0000000765600000| PB 0x0000000765600000| Complete  |  0
|  290|0x0000000765800000, 0x0000000765a00000, 0x0000000765a00000|100%|HS|  |TAMS 0x0000000765800000| PB 0x0000000765800000| Complete  |  0
|  291|0x0000000765a00000, 0x0000000765c00000, 0x0000000765c00000|100%|HS|  |TAMS 0x0000000765a00000| PB 0x0000000765a00000| Complete  |  0
|  292|0x0000000765c00000, 0x0000000765e00000, 0x0000000765e00000|100%|HC|  |TAMS 0x0000000765c00000| PB 0x0000000765c00000| Complete  |  0
|  293|0x0000000765e00000, 0x0000000766000000, 0x0000000766000000|100%|HC|  |TAMS 0x0000000765e00000| PB 0x0000000765e00000| Complete  |  0
|  294|0x0000000766000000, 0x0000000766200000, 0x0000000766200000|100%|HS|  |TAMS 0x0000000766000000| PB 0x0000000766000000| Complete  |  0
|  295|0x0000000766200000, 0x0000000766400000, 0x0000000766400000|100%|HC|  |TAMS 0x0000000766200000| PB 0x0000000766200000| Complete  |  0
|  296|0x0000000766400000, 0x0000000766600000, 0x0000000766600000|100%|HC|  |TAMS 0x0000000766400000| PB 0x0000000766400000| Complete  |  0
|  297|0x0000000766600000, 0x0000000766800000, 0x0000000766800000|100%|HS|  |TAMS 0x0000000766600000| PB 0x0000000766600000| Complete  |  0
|  298|0x0000000766800000, 0x0000000766a00000, 0x0000000766a00000|100%|HS|  |TAMS 0x0000000766800000| PB 0x0000000766800000| Complete  |  0
|  299|0x0000000766a00000, 0x0000000766c00000, 0x0000000766c00000|100%|HS|  |TAMS 0x0000000766a00000| PB 0x0000000766a00000| Complete  |  0
|  300|0x0000000766c00000, 0x0000000766e00000, 0x0000000766e00000|100%|HS|  |TAMS 0x0000000766c00000| PB 0x0000000766c00000| Complete  |  0
|  301|0x0000000766e00000, 0x0000000767000000, 0x0000000767000000|100%|HS|  |TAMS 0x0000000766e00000| PB 0x0000000766e00000| Complete  |  0
|  302|0x0000000767000000, 0x0000000767200000, 0x0000000767200000|100%|HS|  |TAMS 0x0000000767000000| PB 0x0000000767000000| Complete  |  0
|  303|0x0000000767200000, 0x0000000767400000, 0x0000000767400000|100%|HS|  |TAMS 0x0000000767200000| PB 0x0000000767200000| Complete  |  0
|  304|0x0000000767400000, 0x0000000767400000, 0x0000000767600000|  0%| F|  |TAMS 0x0000000767400000| PB 0x0000000767400000| Untracked |  0
|  305|0x0000000767600000, 0x0000000767600000, 0x0000000767800000|  0%| F|  |TAMS 0x0000000767600000| PB 0x0000000767600000| Untracked |  0
|  306|0x0000000767800000, 0x00000007679466c0, 0x0000000767a00000| 63%| S|CS|TAMS 0x0000000767800000| PB 0x0000000767800000| Complete  |  0
|  307|0x0000000767a00000, 0x0000000767c00000, 0x0000000767c00000|100%|HS|  |TAMS 0x0000000767a00000| PB 0x0000000767a00000| Complete  |  0
|  308|0x0000000767c00000, 0x0000000767e00000, 0x0000000767e00000|100%|HS|  |TAMS 0x0000000767c00000| PB 0x0000000767c00000| Complete  |  0
|  309|0x0000000767e00000, 0x0000000768000000, 0x0000000768000000|100%|HS|  |TAMS 0x0000000767e00000| PB 0x0000000767e00000| Complete  |  0
|  310|0x0000000768000000, 0x0000000768200000, 0x0000000768200000|100%| O|  |TAMS 0x0000000768000000| PB 0x0000000768000000| Untracked |  0
|  311|0x0000000768200000, 0x0000000768400000, 0x0000000768400000|100%|HS|  |TAMS 0x0000000768200000| PB 0x0000000768200000| Complete  |  0
|  312|0x0000000768400000, 0x0000000768600000, 0x0000000768600000|100%| O|Cm|TAMS 0x0000000768400000| PB 0x0000000768400000| Complete  |  0
|  313|0x0000000768600000, 0x0000000768800000, 0x0000000768800000|100%|HS|  |TAMS 0x0000000768600000| PB 0x0000000768600000| Complete  |  0
|  314|0x0000000768800000, 0x0000000768a00000, 0x0000000768a00000|100%|HS|  |TAMS 0x0000000768800000| PB 0x0000000768800000| Complete  |  0
|  315|0x0000000768a00000, 0x0000000768c00000, 0x0000000768c00000|100%|HS|  |TAMS 0x0000000768a00000| PB 0x0000000768a00000| Complete  |  0
|  316|0x0000000768c00000, 0x0000000768e00000, 0x0000000768e00000|100%|HC|  |TAMS 0x0000000768c00000| PB 0x0000000768c00000| Complete  |  0
|  317|0x0000000768e00000, 0x0000000769000000, 0x0000000769000000|100%|HC|  |TAMS 0x0000000768e00000| PB 0x0000000768e00000| Complete  |  0
|  318|0x0000000769000000, 0x0000000769200000, 0x0000000769200000|100%| O|  |TAMS 0x0000000769000000| PB 0x0000000769000000| Untracked |  0
|  319|0x0000000769200000, 0x0000000769400000, 0x0000000769400000|100%|HS|  |TAMS 0x0000000769200000| PB 0x0000000769200000| Complete  |  0
|  320|0x0000000769400000, 0x0000000769600000, 0x0000000769600000|100%|HS|  |TAMS 0x0000000769400000| PB 0x0000000769400000| Complete  |  0
|  321|0x0000000769600000, 0x0000000769800000, 0x0000000769800000|100%|HS|  |TAMS 0x0000000769600000| PB 0x0000000769600000| Complete  |  0
|  322|0x0000000769800000, 0x0000000769a00000, 0x0000000769a00000|100%|HS|  |TAMS 0x0000000769800000| PB 0x0000000769800000| Complete  |  0
|  323|0x0000000769a00000, 0x0000000769c00000, 0x0000000769c00000|100%|HS|  |TAMS 0x0000000769a00000| PB 0x0000000769a00000| Complete  |  0
|  324|0x0000000769c00000, 0x0000000769e00000, 0x0000000769e00000|100%|HC|  |TAMS 0x0000000769c00000| PB 0x0000000769c00000| Complete  |  0
|  325|0x0000000769e00000, 0x000000076a000000, 0x000000076a000000|100%|HC|  |TAMS 0x0000000769e00000| PB 0x0000000769e00000| Complete  |  0
|  326|0x000000076a000000, 0x000000076a200000, 0x000000076a200000|100%|HS|  |TAMS 0x000000076a000000| PB 0x000000076a000000| Complete  |  0
|  327|0x000000076a200000, 0x000000076a400000, 0x000000076a400000|100%|HC|  |TAMS 0x000000076a200000| PB 0x000000076a200000| Complete  |  0
|  328|0x000000076a400000, 0x000000076a600000, 0x000000076a600000|100%|HC|  |TAMS 0x000000076a400000| PB 0x000000076a400000| Complete  |  0
|  329|0x000000076a600000, 0x000000076a800000, 0x000000076a800000|100%|HS|  |TAMS 0x000000076a600000| PB 0x000000076a600000| Complete  |  0
|  330|0x000000076a800000, 0x000000076aa00000, 0x000000076aa00000|100%|HS|  |TAMS 0x000000076a800000| PB 0x000000076a800000| Complete  |  0
|  331|0x000000076aa00000, 0x000000076ac00000, 0x000000076ac00000|100%|HS|  |TAMS 0x000000076aa00000| PB 0x000000076aa00000| Complete  |  0
|  332|0x000000076ac00000, 0x000000076ae00000, 0x000000076ae00000|100%|HS|  |TAMS 0x000000076ac00000| PB 0x000000076ac00000| Complete  |  0
|  333|0x000000076ae00000, 0x000000076b000000, 0x000000076b000000|100%|HS|  |TAMS 0x000000076ae00000| PB 0x000000076ae00000| Complete  |  0
|  334|0x000000076b000000, 0x000000076b200000, 0x000000076b200000|100%| O|  |TAMS 0x000000076b000000| PB 0x000000076b000000| Untracked |  0
|  335|0x000000076b200000, 0x000000076b400000, 0x000000076b400000|100%|HS|  |TAMS 0x000000076b200000| PB 0x000000076b200000| Complete  |  0
|  336|0x000000076b400000, 0x000000076b600000, 0x000000076b600000|100%|HS|  |TAMS 0x000000076b400000| PB 0x000000076b400000| Complete  |  0
|  337|0x000000076b600000, 0x000000076b800000, 0x000000076b800000|100%|HS|  |TAMS 0x000000076b600000| PB 0x000000076b600000| Complete  |  0
|  338|0x000000076b800000, 0x000000076ba00000, 0x000000076ba00000|100%|HC|  |TAMS 0x000000076b800000| PB 0x000000076b800000| Complete  |  0
|  339|0x000000076ba00000, 0x000000076bc00000, 0x000000076bc00000|100%|HC|  |TAMS 0x000000076ba00000| PB 0x000000076ba00000| Complete  |  0
|  340|0x000000076bc00000, 0x000000076be00000, 0x000000076be00000|100%|HS|  |TAMS 0x000000076bc00000| PB 0x000000076bc00000| Complete  |  0
|  341|0x000000076be00000, 0x000000076c000000, 0x000000076c000000|100%|HS|  |TAMS 0x000000076be00000| PB 0x000000076be00000| Complete  |  0
|  342|0x000000076c000000, 0x000000076c200000, 0x000000076c200000|100%|HC|  |TAMS 0x000000076c000000| PB 0x000000076c000000| Complete  |  0
|  343|0x000000076c200000, 0x000000076c400000, 0x000000076c400000|100%|HC|  |TAMS 0x000000076c200000| PB 0x000000076c200000| Complete  |  0
|  344|0x000000076c400000, 0x000000076c600000, 0x000000076c600000|100%|HS|  |TAMS 0x000000076c400000| PB 0x000000076c400000| Complete  |  0
|  345|0x000000076c600000, 0x000000076c800000, 0x000000076c800000|100%|HC|  |TAMS 0x000000076c600000| PB 0x000000076c600000| Complete  |  0
|  346|0x000000076c800000, 0x000000076ca00000, 0x000000076ca00000|100%|HC|  |TAMS 0x000000076c800000| PB 0x000000076c800000| Complete  |  0
|  347|0x000000076ca00000, 0x000000076cc00000, 0x000000076cc00000|100%|HS|  |TAMS 0x000000076ca00000| PB 0x000000076ca00000| Complete  |  0
|  348|0x000000076cc00000, 0x000000076ce00000, 0x000000076ce00000|100%|HC|  |TAMS 0x000000076cc00000| PB 0x000000076cc00000| Complete  |  0
|  349|0x000000076ce00000, 0x000000076d000000, 0x000000076d000000|100%|HC|  |TAMS 0x000000076ce00000| PB 0x000000076ce00000| Complete  |  0
|  350|0x000000076d000000, 0x000000076d200000, 0x000000076d200000|100%|HS|  |TAMS 0x000000076d000000| PB 0x000000076d000000| Complete  |  0
|  351|0x000000076d200000, 0x000000076d400000, 0x000000076d400000|100%|HS|  |TAMS 0x000000076d200000| PB 0x000000076d200000| Complete  |  0
|  352|0x000000076d400000, 0x000000076d600000, 0x000000076d600000|100%|HS|  |TAMS 0x000000076d400000| PB 0x000000076d400000| Complete  |  0
|  353|0x000000076d600000, 0x000000076d800000, 0x000000076d800000|100%|HS|  |TAMS 0x000000076d600000| PB 0x000000076d600000| Complete  |  0
|  354|0x000000076d800000, 0x000000076da00000, 0x000000076da00000|100%|HS|  |TAMS 0x000000076d800000| PB 0x000000076d800000| Complete  |  0
|  355|0x000000076da00000, 0x000000076dc00000, 0x000000076dc00000|100%|HS|  |TAMS 0x000000076da00000| PB 0x000000076da00000| Complete  |  0
|  356|0x000000076dc00000, 0x000000076de00000, 0x000000076de00000|100%|HS|  |TAMS 0x000000076dc00000| PB 0x000000076dc00000| Complete  |  0
|  357|0x000000076de00000, 0x000000076e000000, 0x000000076e000000|100%|HS|  |TAMS 0x000000076de00000| PB 0x000000076de00000| Complete  |  0
|  358|0x000000076e000000, 0x000000076e200000, 0x000000076e200000|100%|HC|  |TAMS 0x000000076e000000| PB 0x000000076e000000| Complete  |  0
|  359|0x000000076e200000, 0x000000076e400000, 0x000000076e400000|100%|HC|  |TAMS 0x000000076e200000| PB 0x000000076e200000| Complete  |  0
|  360|0x000000076e400000, 0x000000076e600000, 0x000000076e600000|100%|HS|  |TAMS 0x000000076e400000| PB 0x000000076e400000| Complete  |  0
|  361|0x000000076e600000, 0x000000076e800000, 0x000000076e800000|100%|HS|  |TAMS 0x000000076e600000| PB 0x000000076e600000| Complete  |  0
|  362|0x000000076e800000, 0x000000076ea00000, 0x000000076ea00000|100%|HC|  |TAMS 0x000000076e800000| PB 0x000000076e800000| Complete  |  0
|  363|0x000000076ea00000, 0x000000076ec00000, 0x000000076ec00000|100%|HC|  |TAMS 0x000000076ea00000| PB 0x000000076ea00000| Complete  |  0
|  364|0x000000076ec00000, 0x000000076ee00000, 0x000000076ee00000|100%|HS|  |TAMS 0x000000076ec00000| PB 0x000000076ec00000| Complete  |  0
|  365|0x000000076ee00000, 0x000000076f000000, 0x000000076f000000|100%|HS|  |TAMS 0x000000076ee00000| PB 0x000000076ee00000| Complete  |  0
|  366|0x000000076f000000, 0x000000076f200000, 0x000000076f200000|100%|HC|  |TAMS 0x000000076f000000| PB 0x000000076f000000| Complete  |  0
|  367|0x000000076f200000, 0x000000076f400000, 0x000000076f400000|100%|HC|  |TAMS 0x000000076f200000| PB 0x000000076f200000| Complete  |  0
|  368|0x000000076f400000, 0x000000076f400000, 0x000000076f600000|  0%| F|  |TAMS 0x000000076f400000| PB 0x000000076f400000| Untracked |  0
|  369|0x000000076f600000, 0x000000076f800000, 0x000000076f800000|100%|HS|  |TAMS 0x000000076f600000| PB 0x000000076f600000| Complete  |  0
|  370|0x000000076f800000, 0x000000076fa00000, 0x000000076fa00000|100%|HS|  |TAMS 0x000000076f800000| PB 0x000000076f800000| Complete  |  0
|  371|0x000000076fa00000, 0x000000076fc00000, 0x000000076fc00000|100%|HS|  |TAMS 0x000000076fa00000| PB 0x000000076fa00000| Complete  |  0
|  372|0x000000076fc00000, 0x000000076fe00000, 0x000000076fe00000|100%|HS|  |TAMS 0x000000076fc00000| PB 0x000000076fc00000| Complete  |  0
|  373|0x000000076fe00000, 0x0000000770000000, 0x0000000770000000|100%|HS|  |TAMS 0x000000076fe00000| PB 0x000000076fe00000| Complete  |  0
|  374|0x0000000770000000, 0x0000000770200000, 0x0000000770200000|100%|HS|  |TAMS 0x0000000770000000| PB 0x0000000770000000| Complete  |  0
|  375|0x0000000770200000, 0x0000000770400000, 0x0000000770400000|100%|HS|  |TAMS 0x0000000770200000| PB 0x0000000770200000| Complete  |  0
|  376|0x0000000770400000, 0x0000000770600000, 0x0000000770600000|100%|HC|  |TAMS 0x0000000770400000| PB 0x0000000770400000| Complete  |  0
|  377|0x0000000770600000, 0x0000000770800000, 0x0000000770800000|100%|HC|  |TAMS 0x0000000770600000| PB 0x0000000770600000| Complete  |  0
|  378|0x0000000770800000, 0x0000000770a00000, 0x0000000770a00000|100%|HS|  |TAMS 0x0000000770800000| PB 0x0000000770800000| Complete  |  0
|  379|0x0000000770a00000, 0x0000000770c00000, 0x0000000770c00000|100%|HC|  |TAMS 0x0000000770a00000| PB 0x0000000770a00000| Complete  |  0
|  380|0x0000000770c00000, 0x0000000770e00000, 0x0000000770e00000|100%|HC|  |TAMS 0x0000000770c00000| PB 0x0000000770c00000| Complete  |  0
|  381|0x0000000770e00000, 0x0000000771000000, 0x0000000771000000|100%|HS|  |TAMS 0x0000000770e00000| PB 0x0000000770e00000| Complete  |  0
|  382|0x0000000771000000, 0x0000000771200000, 0x0000000771200000|100%|HC|  |TAMS 0x0000000771000000| PB 0x0000000771000000| Complete  |  0
|  383|0x0000000771200000, 0x0000000771400000, 0x0000000771400000|100%|HC|  |TAMS 0x0000000771200000| PB 0x0000000771200000| Complete  |  0
|  384|0x0000000771400000, 0x0000000771400000, 0x0000000771600000|  0%| F|  |TAMS 0x0000000771400000| PB 0x0000000771400000| Untracked |  0
|  385|0x0000000771600000, 0x0000000771800000, 0x0000000771800000|100%|HS|  |TAMS 0x0000000771600000| PB 0x0000000771600000| Complete  |  0
|  386|0x0000000771800000, 0x0000000771a00000, 0x0000000771a00000|100%|HS|  |TAMS 0x0000000771800000| PB 0x0000000771800000| Complete  |  0
|  387|0x0000000771a00000, 0x0000000771c00000, 0x0000000771c00000|100%|HS|  |TAMS 0x0000000771a00000| PB 0x0000000771a00000| Complete  |  0
|  388|0x0000000771c00000, 0x0000000771c00000, 0x0000000771e00000|  0%| F|  |TAMS 0x0000000771c00000| PB 0x0000000771c00000| Untracked |  0
|  389|0x0000000771e00000, 0x0000000771e00000, 0x0000000772000000|  0%| F|  |TAMS 0x0000000771e00000| PB 0x0000000771e00000| Untracked |  0
|  390|0x0000000772000000, 0x0000000772000000, 0x0000000772200000|  0%| F|  |TAMS 0x0000000772000000| PB 0x0000000772000000| Untracked |  0
|  391|0x0000000772200000, 0x0000000772200000, 0x0000000772400000|  0%| F|  |TAMS 0x0000000772200000| PB 0x0000000772200000| Untracked |  0
| 1506|0x00000007fd800000, 0x00000007fda00000, 0x00000007fda00000|100%| O|  |TAMS 0x00000007fd800000| PB 0x00000007fd800000| Untracked |  0
| 1509|0x00000007fde00000, 0x00000007fe000000, 0x00000007fe000000|100%| O|  |TAMS 0x00000007fde00000| PB 0x00000007fde00000| Untracked |  0
| 1510|0x00000007fe000000, 0x00000007fe200000, 0x00000007fe200000|100%| O|  |TAMS 0x00000007fe000000| PB 0x00000007fe000000| Untracked |  0
| 1512|0x00000007fe400000, 0x00000007fe600000, 0x00000007fe600000|100%| O|  |TAMS 0x00000007fe400000| PB 0x00000007fe400000| Untracked |  0
| 1513|0x00000007fe600000, 0x00000007fe800000, 0x00000007fe800000|100%| O|  |TAMS 0x00000007fe600000| PB 0x00000007fe600000| Untracked |  0
| 1514|0x00000007fe800000, 0x00000007fea00000, 0x00000007fea00000|100%| O|  |TAMS 0x00000007fe800000| PB 0x00000007fe800000| Untracked |  0
| 1515|0x00000007fea00000, 0x00000007fec00000, 0x00000007fec00000|100%| O|  |TAMS 0x00000007fea00000| PB 0x00000007fea00000| Untracked |  0
| 1516|0x00000007fec00000, 0x00000007fee00000, 0x00000007fee00000|100%| O|  |TAMS 0x00000007fec00000| PB 0x00000007fec00000| Untracked |  0
| 1517|0x00000007fee00000, 0x00000007ff000000, 0x00000007ff000000|100%| O|  |TAMS 0x00000007fee00000| PB 0x00000007fee00000| Untracked |  0
| 1518|0x00000007ff000000, 0x00000007ff200000, 0x00000007ff200000|100%| O|  |TAMS 0x00000007ff000000| PB 0x00000007ff000000| Untracked |  0
| 1519|0x00000007ff200000, 0x00000007ff400000, 0x00000007ff400000|100%| O|  |TAMS 0x00000007ff200000| PB 0x00000007ff200000| Untracked |  0
| 1520|0x00000007ff400000, 0x00000007ff600000, 0x00000007ff600000|100%| O|  |TAMS 0x00000007ff400000| PB 0x00000007ff400000| Untracked |  0
| 1521|0x00000007ff600000, 0x00000007ff800000, 0x00000007ff800000|100%| O|  |TAMS 0x00000007ff600000| PB 0x00000007ff600000| Untracked |  0
| 1522|0x00000007ff800000, 0x00000007ffa00000, 0x00000007ffa00000|100%| O|  |TAMS 0x00000007ff800000| PB 0x00000007ff800000| Untracked |  0
| 1523|0x00000007ffa00000, 0x00000007ffc00000, 0x00000007ffc00000|100%| O|  |TAMS 0x00000007ffa00000| PB 0x00000007ffa00000| Untracked |  0
| 1524|0x00000007ffc00000, 0x00000007ffe00000, 0x00000007ffe00000|100%| O|  |TAMS 0x00000007ffc00000| PB 0x00000007ffc00000| Untracked |  0
| 1525|0x00000007ffe00000, 0x0000000800000000, 0x0000000800000000|100%| O|  |TAMS 0x00000007ffe00000| PB 0x00000007ffe00000| Untracked |  0

Card table byte_map: [0x00000218ee3a0000,0x00000218ee9a0000] _byte_map_base: 0x00000218ea996000
Refinement table byte_map: [0x00000218ee9a0000,0x00000218eefa0000] _byte_map_base: 0x00000218eaf96000

Marking Bits: (CMBitMap*) 0x00000218dccdf420
 Bits: [0x00000218eefa0000, 0x00000218f1f50000)

Polling page: 0x00000218da990000

Metaspace:
Metaspace        used 47885K, committed 48256K, reserved 1114112K
 class space     used 6146K, committed 6336K, reserved 1048576K

Usage:
  Non-class:     40.76 MB used.
      Class:      6.00 MB used.
       Both:     46.76 MB used.

Virtual space:
  Non-class space:       64.00 MB reserved,      40.94 MB ( 64%) committed,  1 nodes.
      Class space:        1.00 GB reserved,       6.19 MB ( <1%) committed,  1 nodes.
             Both:        1.06 GB reserved,      47.12 MB (  4%) committed. 

Chunk freelists:
   Non-Class:  6.23 MB
       Class:  9.79 MB
        Both:  16.02 MB

MaxMetaspaceSize: unlimited
CompressedClassSpaceSize: 1.00 GB
Initial GC threshold: 21.00 MB
Current GC threshold: 78.38 MB
CDS: off
 - commit_granule_bytes: 65536.
 - commit_granule_words: 8192.
 - virtual_space_node_default_size: 8388608.
 - enlarge_chunks_in_place: 1.
UseCompressedClassPointers 1, UseCompactObjectHeaders 0
Narrow klass pointer bits 32, Max shift 3
Narrow klass base: 0x0000000000000000, Narrow klass shift: 0
Encoding Range: [0x0000000000000000 - 0x0000000100000000), (4294967296 bytes)
Klass Range:    [0x000000002f000000 - 0x000000006f000000), (1073741824 bytes)
Klass ID Range:  [788529152 - 1862270969) (1073741817)
No protection zone.


Internal statistics:

num_allocs_failed_limit: 0.
num_arena_births: 904.
num_arena_deaths: 398.
num_vsnodes_births: 2.
num_vsnodes_deaths: 0.
num_space_committed: 752.
num_space_uncommitted: 0.
num_chunks_returned_to_freelist: 499.
num_chunks_taken_from_freelist: 2622.
num_chunk_merges: 112.
num_chunk_splits: 1506.
num_chunks_enlarged: 1039.
num_inconsistent_stats: 0.

CodeHeap 'non-profiled nmethods': size=120064Kb used=10315Kb max_used=10882Kb free=109748Kb
 bounds [0x00000218e6860000, 0x00000218e7330000, 0x00000218edda0000]
CodeHeap 'profiled nmethods': size=120000Kb used=8871Kb max_used=17567Kb free=111128Kb
 bounds [0x00000218deda0000, 0x00000218dff20000, 0x00000218e62d0000]
CodeHeap 'non-nmethods': size=5696Kb used=1796Kb max_used=1938Kb free=3899Kb
 bounds [0x00000218e62d0000, 0x00000218e6540000, 0x00000218e6860000]
CodeCache: size=245760Kb, used=20982Kb, max_used=30387Kb, free=224775Kb
 total_blobs=8064, nmethods=7147, adapters=821, full_count=0
Compilation: enabled, stopped_count=0, restarted_count=0

Compilation events (20 events):
Event: 79245.760 Thread 0x00000218f4401d20 22482       4       com.sun.scenario.animation.shared.ClipEnvelope::create (53 bytes)
Event: 79245.771 Thread 0x00000218f4401d20 nmethod 22482 0x00000218e709ca88 code [0x00000218e709cba0, 0x00000218e709d448]
Event: 79245.934 Thread 0x00000218f4401d20 22483       4       javafx.scene.Scene::initPeer (288 bytes)
Event: 79245.942 Thread 0x00000218f4464840 22484       1       javafx.scene.shape.Path::getElements (5 bytes)
Event: 79245.942 Thread 0x00000218f4464840 nmethod 22484 0x00000218e6ae1108 code [0x00000218e6ae1200, 0x00000218e6ae12c0]
Event: 79245.993 Thread 0x00000218f4401d20 nmethod 22483 0x00000218e6bbb888 code [0x00000218e6bbb9a0, 0x00000218e6bbdd38]
Event: 79248.035 Thread 0x00000218f4464840 22485       3       com.sun.javafx.geom.Path2D::copy (9 bytes)
Event: 79248.036 Thread 0x00000218f4464840 nmethod 22485 0x00000218df431a88 code [0x00000218df431b80, 0x00000218df431d88]
Event: 79249.088 Thread 0x00000218f4464840 22486       3       com.ctc.wstx.util.TextBuffer::allocBuffer (36 bytes)
Event: 79249.089 Thread 0x00000218f4464840 nmethod 22486 0x00000218df6b5208 code [0x00000218df6b5300, 0x00000218df6b5af8]
Event: 79249.089 Thread 0x00000218f4464840 22487       3       java.lang.invoke.LambdaForm$MH/0x000000002f639c00::invoke (41 bytes)
Event: 79249.095 Thread 0x00000218f4464840 nmethod 22487 0x00000218df712408 code [0x00000218df712500, 0x00000218df712d20]
Event: 79249.170 Thread 0x00000218f4464840 22488       3       com.ctc.wstx.util.TextBuffer::resetWithEmpty (42 bytes)
Event: 79249.171 Thread 0x00000218f4464840 nmethod 22488 0x00000218df431608 code [0x00000218df431700, 0x00000218df431a10]
Event: 79249.216 Thread 0x00000218f4401d20 22489       4       java.lang.String::split (148 bytes)
Event: 79249.223 Thread 0x00000218f4401d20 nmethod 22489 0x00000218e6d09708 code [0x00000218e6d09800, 0x00000218e6d09d38]
Event: 79249.237 Thread 0x00000218f4401d20 22490       4       java.io.Reader::<init> (15 bytes)
Event: 79249.238 Thread 0x00000218f4401d20 nmethod 22490 0x00000218e6ae0e08 code [0x00000218e6ae0f00, 0x00000218e6ae1088]
Event: 79249.896 Thread 0x00000218f4464840 22491       3       javafx.scene.control.TreeView::getRow (17 bytes)
Event: 79249.897 Thread 0x00000218f4464840 nmethod 22491 0x00000218df75b288 code [0x00000218df75b380, 0x00000218df75bab8]

GC Heap Usage History (20 events):
Event: 79050.581 {heap After GC invocations=308 (full 0):
 garbage-first heap   total reserved 3125248K, committed 798720K, used 748984K [0x0000000741400000, 0x0000000800000000)
  region size 2M, 0 eden (0M), 1 survivor (2M), 75 old (150M), 291 humongous (582M), 23 free (46M)
}
Event: 79123.591 {heap Before GC invocations=309 (full 0):
 garbage-first heap   total reserved 3125248K, committed 798720K, used 787896K [0x0000000741400000, 0x0000000800000000)
  region size 2M, 19 eden (38M), 1 survivor (2M), 75 old (150M), 291 humongous (582M), 4 free (8M)
}
Event: 79123.602 {heap After GC invocations=310 (full 0):
 garbage-first heap   total reserved 3125248K, committed 798720K, used 749095K [0x0000000741400000, 0x0000000800000000)
  region size 2M, 0 eden (0M), 1 survivor (2M), 76 old (152M), 291 humongous (582M), 22 free (44M)
}
Event: 79197.652 {heap Before GC invocations=310 (full 0):
 garbage-first heap   total reserved 3125248K, committed 798720K, used 788007K [0x0000000741400000, 0x0000000800000000)
  region size 2M, 19 eden (38M), 1 survivor (2M), 76 old (152M), 291 humongous (582M), 3 free (6M)
}
Event: 79197.660 {heap After GC invocations=311 (full 0):
 garbage-first heap   total reserved 3125248K, committed 798720K, used 749004K [0x0000000741400000, 0x0000000800000000)
  region size 2M, 0 eden (0M), 1 survivor (2M), 75 old (150M), 291 humongous (582M), 23 free (46M)
}
Event: 79239.879 {heap Before GC invocations=311 (full 0):
 garbage-first heap   total reserved 3125248K, committed 798720K, used 773580K [0x0000000741400000, 0x0000000800000000)
  region size 2M, 13 eden (26M), 1 survivor (2M), 75 old (150M), 291 humongous (582M), 10 free (20M)
}
Event: 79239.881 {heap After GC invocations=312 (full 0):
 garbage-first heap   total reserved 3125248K, committed 798720K, used 748873K [0x0000000741400000, 0x0000000800000000)
  region size 2M, 0 eden (0M), 1 survivor (2M), 75 old (150M), 291 humongous (582M), 23 free (46M)
}
Event: 79242.750 {heap Before GC invocations=313 (full 0):
 garbage-first heap   total reserved 3125248K, committed 798720K, used 793929K [0x0000000741400000, 0x0000000800000000)
  region size 2M, 13 eden (26M), 1 survivor (2M), 75 old (150M), 301 humongous (602M), 0 free (0M)
}
Event: 79242.760 {heap After GC invocations=314 (full 0):
 garbage-first heap   total reserved 3125248K, committed 800768K, used 770125K [0x0000000741400000, 0x0000000800000000)
  region size 2M, 0 eden (0M), 1 survivor (2M), 75 old (150M), 301 humongous (602M), 14 free (28M)
}
Event: 79244.767 {heap Before GC invocations=314 (full 0):
 garbage-first heap   total reserved 3125248K, committed 819200K, used 817229K [0x0000000741400000, 0x0000000800000000)
  region size 2M, 11 eden (22M), 1 survivor (2M), 75 old (150M), 313 humongous (626M), 0 free (0M)
}
Event: 79244.774 {heap After GC invocations=315 (full 0):
 garbage-first heap   total reserved 3125248K, committed 823296K, used 788410K [0x0000000741400000, 0x0000000800000000)
  region size 2M, 0 eden (0M), 1 survivor (2M), 75 old (150M), 310 humongous (620M), 16 free (32M)
}
Event: 79249.090 {heap Before GC invocations=315 (full 0):
 garbage-first heap   total reserved 3125248K, committed 823296K, used 804794K [0x0000000741400000, 0x0000000800000000)
  region size 2M, 9 eden (18M), 1 survivor (2M), 75 old (150M), 310 humongous (620M), 7 free (14M)
}
Event: 79249.094 {heap After GC invocations=316 (full 0):
 garbage-first heap   total reserved 3125248K, committed 823296K, used 788652K [0x0000000741400000, 0x0000000800000000)
  region size 2M, 0 eden (0M), 1 survivor (2M), 75 old (150M), 310 humongous (620M), 16 free (32M)
}
Event: 79249.290 {heap Before GC invocations=316 (full 0):
 garbage-first heap   total reserved 3125248K, committed 829440K, used 827564K [0x0000000741400000, 0x0000000800000000)
  region size 2M, 5 eden (10M), 1 survivor (2M), 75 old (150M), 324 humongous (648M), 0 free (0M)
}
Event: 79249.297 {heap After GC invocations=317 (full 0):
 garbage-first heap   total reserved 3125248K, committed 833536K, used 817697K [0x0000000741400000, 0x0000000800000000)
  region size 2M, 0 eden (0M), 2 survivor (4M), 75 old (150M), 324 humongous (648M), 6 free (12M)
}
Event: 79249.341 {heap Before GC invocations=317 (full 0):
 garbage-first heap   total reserved 3125248K, committed 833536K, used 829985K [0x0000000741400000, 0x0000000800000000)
  region size 2M, 2 eden (4M), 2 survivor (4M), 75 old (150M), 328 humongous (656M), 0 free (0M)
}
Event: 79249.346 {heap After GC invocations=318 (full 0):
 garbage-first heap   total reserved 3125248K, committed 835584K, used 826073K [0x0000000741400000, 0x0000000800000000)
  region size 2M, 0 eden (0M), 1 survivor (2M), 75 old (150M), 328 humongous (656M), 4 free (8M)
}
Event: 79249.440 {heap Before GC invocations=318 (full 0):
 garbage-first heap   total reserved 3125248K, committed 835584K, used 834265K [0x0000000741400000, 0x0000000800000000)
  region size 2M, 4 eden (8M), 1 survivor (2M), 75 old (150M), 328 humongous (656M), 0 free (0M)
}
Event: 79249.444 {heap After GC invocations=319 (full 0):
 garbage-first heap   total reserved 3125248K, committed 837632K, used 826390K [0x0000000741400000, 0x0000000800000000)
  region size 2M, 0 eden (0M), 1 survivor (2M), 75 old (150M), 328 humongous (656M), 5 free (10M)
}
Event: 79250.240 {heap Before GC invocations=320 (full 0):
 garbage-first heap   total reserved 3125248K, committed 837632K, used 820246K [0x0000000741400000, 0x0000000800000000)
  region size 2M, 5 eden (10M), 1 survivor (2M), 75 old (150M), 320 humongous (640M), 8 free (16M)
}

Metaspace Usage History (20 events):
Event: 79050.581 {metaspace After GC invocations=308 (full 0):
 Metaspace       used 47886K, committed 48256K, reserved 1114112K
  class space    used 6148K, committed 6336K, reserved 1048576K
}
Event: 79123.591 {metaspace Before GC invocations=309 (full 0):
 Metaspace       used 47886K, committed 48256K, reserved 1114112K
  class space    used 6148K, committed 6336K, reserved 1048576K
}
Event: 79123.602 {metaspace After GC invocations=310 (full 0):
 Metaspace       used 47886K, committed 48256K, reserved 1114112K
  class space    used 6148K, committed 6336K, reserved 1048576K
}
Event: 79197.652 {metaspace Before GC invocations=310 (full 0):
 Metaspace       used 47886K, committed 48256K, reserved 1114112K
  class space    used 6148K, committed 6336K, reserved 1048576K
}
Event: 79197.660 {metaspace After GC invocations=311 (full 0):
 Metaspace       used 47886K, committed 48256K, reserved 1114112K
  class space    used 6148K, committed 6336K, reserved 1048576K
}
Event: 79239.879 {metaspace Before GC invocations=311 (full 0):
 Metaspace       used 47886K, committed 48256K, reserved 1114112K
  class space    used 6148K, committed 6336K, reserved 1048576K
}
Event: 79239.881 {metaspace After GC invocations=312 (full 0):
 Metaspace       used 47886K, committed 48256K, reserved 1114112K
  class space    used 6148K, committed 6336K, reserved 1048576K
}
Event: 79242.750 {metaspace Before GC invocations=313 (full 0):
 Metaspace       used 47881K, committed 48256K, reserved 1114112K
  class space    used 6146K, committed 6336K, reserved 1048576K
}
Event: 79242.760 {metaspace After GC invocations=314 (full 0):
 Metaspace       used 47881K, committed 48256K, reserved 1114112K
  class space    used 6146K, committed 6336K, reserved 1048576K
}
Event: 79244.767 {metaspace Before GC invocations=314 (full 0):
 Metaspace       used 47884K, committed 48256K, reserved 1114112K
  class space    used 6146K, committed 6336K, reserved 1048576K
}
Event: 79244.774 {metaspace After GC invocations=315 (full 0):
 Metaspace       used 47884K, committed 48256K, reserved 1114112K
  class space    used 6146K, committed 6336K, reserved 1048576K
}
Event: 79249.090 {metaspace Before GC invocations=315 (full 0):
 Metaspace       used 47885K, committed 48256K, reserved 1114112K
  class space    used 6146K, committed 6336K, reserved 1048576K
}
Event: 79249.094 {metaspace After GC invocations=316 (full 0):
 Metaspace       used 47885K, committed 48256K, reserved 1114112K
  class space    used 6146K, committed 6336K, reserved 1048576K
}
Event: 79249.291 {metaspace Before GC invocations=316 (full 0):
 Metaspace       used 47885K, committed 48256K, reserved 1114112K
  class space    used 6146K, committed 6336K, reserved 1048576K
}
Event: 79249.297 {metaspace After GC invocations=317 (full 0):
 Metaspace       used 47885K, committed 48256K, reserved 1114112K
  class space    used 6146K, committed 6336K, reserved 1048576K
}
Event: 79249.341 {metaspace Before GC invocations=317 (full 0):
 Metaspace       used 47885K, committed 48256K, reserved 1114112K
  class space    used 6146K, committed 6336K, reserved 1048576K
}
Event: 79249.346 {metaspace After GC invocations=318 (full 0):
 Metaspace       used 47885K, committed 48256K, reserved 1114112K
  class space    used 6146K, committed 6336K, reserved 1048576K
}
Event: 79249.440 {metaspace Before GC invocations=318 (full 0):
 Metaspace       used 47885K, committed 48256K, reserved 1114112K
  class space    used 6146K, committed 6336K, reserved 1048576K
}
Event: 79249.444 {metaspace After GC invocations=319 (full 0):
 Metaspace       used 47885K, committed 48256K, reserved 1114112K
  class space    used 6146K, committed 6336K, reserved 1048576K
}
Event: 79250.240 {metaspace Before GC invocations=320 (full 0):
 Metaspace       used 47885K, committed 48256K, reserved 1114112K
  class space    used 6146K, committed 6336K, reserved 1048576K
}

Dll operation events (20 events):
Event: 6.372 Attempting to load shared library C:\Users\HP\AppData\Local\SceneBuilder\runtime\bin\javafx\vcruntime140.dll
Event: 6.389 Loaded shared library C:\Users\HP\AppData\Local\SceneBuilder\runtime\bin\javafx\vcruntime140.dll
Event: 6.402 Attempting to load shared library C:\Users\HP\AppData\Local\SceneBuilder\runtime\bin\javafx\vcruntime140_1.dll
Event: 6.462 Loaded shared library C:\Users\HP\AppData\Local\SceneBuilder\runtime\bin\javafx\vcruntime140_1.dll
Event: 6.486 Attempting to load shared library C:\Users\HP\AppData\Local\SceneBuilder\runtime\bin\javafx\msvcp140.dll
Event: 6.511 Loaded shared library C:\Users\HP\AppData\Local\SceneBuilder\runtime\bin\javafx\msvcp140.dll
Event: 6.531 Attempting to load shared library C:\Users\HP\AppData\Local\SceneBuilder\runtime\bin\javafx\msvcp140_1.dll
Event: 6.535 Loaded shared library C:\Users\HP\AppData\Local\SceneBuilder\runtime\bin\javafx\msvcp140_1.dll
Event: 6.538 Attempting to load shared library C:\Users\HP\AppData\Local\SceneBuilder\runtime\bin\javafx\msvcp140_2.dll
Event: 6.551 Loaded shared library C:\Users\HP\AppData\Local\SceneBuilder\runtime\bin\javafx\msvcp140_2.dll
Event: 6.999 Attempting to load shared library C:\Users\HP\AppData\Local\SceneBuilder\runtime\bin\javafx\prism_d3d.dll
Event: 7.223 Loaded shared library C:\Users\HP\AppData\Local\SceneBuilder\runtime\bin\javafx\prism_d3d.dll
Event: 7.612 Attempting to load shared library C:\Users\HP\AppData\Local\SceneBuilder\runtime\bin\javafx\glass.dll
Event: 7.812 Loaded shared library C:\Users\HP\AppData\Local\SceneBuilder\runtime\bin\javafx\glass.dll
Event: 10.245 Attempting to load shared library C:\Users\HP\AppData\Local\SceneBuilder\runtime\bin\prefs.dll
Event: 10.247 Loaded shared library C:\Users\HP\AppData\Local\SceneBuilder\runtime\bin\prefs.dll
Event: 11.659 Attempting to load shared library C:\Users\HP\AppData\Local\SceneBuilder\runtime\bin\javafx\javafx_font.dll
Event: 11.793 Loaded shared library C:\Users\HP\AppData\Local\SceneBuilder\runtime\bin\javafx\javafx_font.dll
Event: 21.322 Attempting to load shared library C:\Users\HP\AppData\Local\SceneBuilder\runtime\bin\javafx\javafx_iio.dll
Event: 21.502 Loaded shared library C:\Users\HP\AppData\Local\SceneBuilder\runtime\bin\javafx\javafx_iio.dll

Deoptimization events (20 events):
Event: 77376.934 Thread 0x00000218f4601880 DEOPT PACKING pc=0x00000218e6bdaee4 sp=0x00000055c00fcbd0
Event: 77376.934 Thread 0x00000218f4601880 DEOPT UNPACKING pc=0x00000218e635bf82 sp=0x00000055c00fcb68 mode 2
Event: 77376.936 Thread 0x00000218f4601880 Uncommon trap: trap_request=0xffffff45 fr.pc=0x00000218e6d78070 relative=0x0000000000000250
Event: 77376.936 Thread 0x00000218f4601880 Uncommon trap: reason=unstable_if action=reinterpret pc=0x00000218e6d78070 method=javafx.scene.control.skin.VirtualFlow.computeCurrentIndex(I)I @ 32 c2
Event: 77376.936 Thread 0x00000218f4601880 DEOPT PACKING pc=0x00000218e6d78070 sp=0x00000055c00fcb10
Event: 77376.936 Thread 0x00000218f4601880 DEOPT UNPACKING pc=0x00000218e635bf82 sp=0x00000055c00fca98 mode 2
Event: 77466.646 Thread 0x00000218833d83d0 DEOPT PACKING pc=0x00000218dfd7bc21 sp=0x00000055be7ff310
Event: 77466.647 Thread 0x00000218833d83d0 DEOPT UNPACKING pc=0x00000218e6321a02 sp=0x00000055be7fe7e0 mode 0
Event: 77582.424 Thread 0x00000218f4601880 Uncommon trap: trap_request=0xfffffff4 fr.pc=0x00000218e6ff3140 relative=0x00000000000018a0
Event: 77582.425 Thread 0x00000218f4601880 Uncommon trap: reason=null_check action=make_not_entrant pc=0x00000218e6ff3140 method=javafx.scene.control.skin.VirtualFlow.updateCellSize(Ljavafx/scene/control/IndexedCell;)V @ 24 c2
Event: 77582.425 Thread 0x00000218f4601880 DEOPT PACKING pc=0x00000218e6ff3140 sp=0x00000055c00fd3c0
Event: 77582.425 Thread 0x00000218f4601880 DEOPT UNPACKING pc=0x00000218e635bf82 sp=0x00000055c00fd2e0 mode 2
Event: 77680.625 Thread 0x00000218f4601880 Uncommon trap: trap_request=0xffffffde fr.pc=0x00000218e686cc84 relative=0x0000000000000084
Event: 77680.626 Thread 0x00000218f4601880 Uncommon trap: reason=class_check action=maybe_recompile pc=0x00000218e686cc84 method=com.oracle.javafx.scenebuilder.kit.editor.panel.content.AbstractDecoration.lambda$new$1(Ljavafx/beans/value/ObservableValue;Ljavafx/geometry/Bounds;Ljavafx/geometry/Boun
Event: 77680.626 Thread 0x00000218f4601880 DEOPT PACKING pc=0x00000218e686cc84 sp=0x00000055c00fe350
Event: 77680.626 Thread 0x00000218f4601880 DEOPT UNPACKING pc=0x00000218e635bf82 sp=0x00000055c00fe268 mode 2
Event: 77680.636 Thread 0x00000218f4601880 Uncommon trap: trap_request=0xffffffde fr.pc=0x00000218e686cc84 relative=0x0000000000000084
Event: 77680.636 Thread 0x00000218f4601880 Uncommon trap: reason=class_check action=maybe_recompile pc=0x00000218e686cc84 method=com.oracle.javafx.scenebuilder.kit.editor.panel.content.AbstractDecoration.lambda$new$1(Ljavafx/beans/value/ObservableValue;Ljavafx/geometry/Bounds;Ljavafx/geometry/Boun
Event: 77680.636 Thread 0x00000218f4601880 DEOPT PACKING pc=0x00000218e686cc84 sp=0x00000055c00fe350
Event: 77680.636 Thread 0x00000218f4601880 DEOPT UNPACKING pc=0x00000218e635bf82 sp=0x00000055c00fe268 mode 2

Classes loaded (20 events):
Event: 77325.507 Loading class sun/text/resources/BreakIteratorInfo_en
Event: 77325.507 Loading class sun/text/resources/BreakIteratorInfo_en done
Event: 77325.507 Loading class sun/text/resources/BreakIteratorInfo_en_US
Event: 77325.507 Loading class sun/text/resources/BreakIteratorInfo_en_US done
Event: 77325.508 Loading class sun/text/resources/BreakIteratorResources
Event: 77325.508 Loading class sun/util/resources/BreakIteratorResourceBundle
Event: 77325.508 Loading class sun/util/resources/BreakIteratorResourceBundle done
Event: 77325.508 Loading class sun/text/resources/BreakIteratorResources done
Event: 77325.508 Loading class sun/util/resources/BreakIteratorResourceBundle$1
Event: 77325.509 Loading class sun/util/resources/BreakIteratorResourceBundle$1 done
Event: 77325.509 Loading class sun/text/resources/BreakIteratorResources_en
Event: 77325.509 Loading class sun/text/resources/BreakIteratorResources_en done
Event: 77325.509 Loading class sun/text/resources/BreakIteratorResources_en_US
Event: 77325.509 Loading class sun/text/resources/BreakIteratorResources_en_US done
Event: 77325.510 Loading class sun/text/RuleBasedBreakIterator
Event: 77325.510 Loading class sun/text/RuleBasedBreakIterator done
Event: 77325.514 Loading class sun/text/CompactByteArray
Event: 77325.514 Loading class sun/text/CompactByteArray done
Event: 77325.515 Loading class sun/text/SupplementaryCharacterData
Event: 77325.515 Loading class sun/text/SupplementaryCharacterData done

Classes unloaded (20 events):
Event: 76381.754 Thread 0x00000218dcd135d0 Unloading class 0x000000002f628000 'java/lang/invoke/LambdaForm$MH+0x000000002f628000'
Event: 76381.754 Thread 0x00000218dcd135d0 Unloading class 0x000000002f628c00 'java/lang/invoke/LambdaForm$MH+0x000000002f628c00'
Event: 76381.754 Thread 0x00000218dcd135d0 Unloading class 0x000000002f629800 'java/lang/invoke/LambdaForm$MH+0x000000002f629800'
Event: 76381.754 Thread 0x00000218dcd135d0 Unloading class 0x000000002f62a400 'java/lang/invoke/LambdaForm$MH+0x000000002f62a400'
Event: 76381.754 Thread 0x00000218dcd135d0 Unloading class 0x000000002f33c400 'java/lang/invoke/LambdaForm$MH+0x000000002f33c400'
Event: 76381.754 Thread 0x00000218dcd135d0 Unloading class 0x000000002f633800 'java/lang/invoke/LambdaForm$MH+0x000000002f633800'
Event: 76381.754 Thread 0x00000218dcd135d0 Unloading class 0x000000002f54a000 'java/lang/invoke/LambdaForm$MH+0x000000002f54a000'
Event: 76381.754 Thread 0x00000218dcd135d0 Unloading class 0x000000002f5b9c00 'java/lang/invoke/LambdaForm$MH+0x000000002f5b9c00'
Event: 76381.754 Thread 0x00000218dcd135d0 Unloading class 0x000000002f5ba400 'java/lang/invoke/LambdaForm$MH+0x000000002f5ba400'
Event: 76381.754 Thread 0x00000218dcd135d0 Unloading class 0x000000002f5bac00 'java/lang/invoke/LambdaForm$MH+0x000000002f5bac00'
Event: 76492.087 Thread 0x00000218dcd135d0 Unloading class 0x000000002f554800 'java/lang/invoke/LambdaForm$MH+0x000000002f554800'
Event: 76492.087 Thread 0x00000218dcd135d0 Unloading class 0x000000002f549000 'java/lang/invoke/LambdaForm$DMH+0x000000002f549000'
Event: 76492.087 Thread 0x00000218dcd135d0 Unloading class 0x000000002f548800 'java/lang/invoke/LambdaForm$DMH+0x000000002f548800'
Event: 76492.087 Thread 0x00000218dcd135d0 Unloading class 0x000000002f624c00 'java/lang/invoke/LambdaForm$DMH+0x000000002f624c00'
Event: 77679.050 Thread 0x00000218dcd135d0 Unloading class 0x000000002f602400 'java/lang/invoke/LambdaForm$MH+0x000000002f602400'
Event: 77679.050 Thread 0x00000218dcd135d0 Unloading class 0x000000002f602800 'java/lang/invoke/LambdaForm$MH+0x000000002f602800'
Event: 77679.050 Thread 0x00000218dcd135d0 Unloading class 0x000000002f5c0800 'java/lang/invoke/LambdaForm$MH+0x000000002f5c0800'
Event: 79240.622 Thread 0x00000218dcd135d0 Unloading class 0x000000002f33c400 'java/lang/invoke/LambdaForm$DMH+0x000000002f33c400'
Event: 79240.622 Thread 0x00000218dcd135d0 Unloading class 0x000000002f600c00 'java/lang/invoke/LambdaForm$MH+0x000000002f600c00'
Event: 79240.622 Thread 0x00000218dcd135d0 Unloading class 0x000000002f638800 'java/lang/invoke/LambdaForm$MH+0x000000002f638800'

Classes redefined (0 events):
No events

Internal exceptions (20 events):
Event: 79240.321 Thread 0x00000218fe8f3970 Exception <a 'sun/nio/fs/WindowsException'{0x000000076e1983c8}> (0x000000076e1983c8) 
thrown [s\open\src\hotspot\share\prims\jni.cpp, line 514]
Event: 79240.343 Thread 0x00000218f924f520 Exception <a 'sun/nio/fs/WindowsException'{0x000000076e198ec8}> (0x000000076e198ec8) 
thrown [s\open\src\hotspot\share\prims\jni.cpp, line 514]
Event: 79241.322 Thread 0x00000218fe8f3970 Exception <a 'sun/nio/fs/WindowsException'{0x000000076e1986f8}> (0x000000076e1986f8) 
thrown [s\open\src\hotspot\share\prims\jni.cpp, line 514]
Event: 79241.344 Thread 0x00000218f924f520 Exception <a 'sun/nio/fs/WindowsException'{0x000000076e199268}> (0x000000076e199268) 
thrown [s\open\src\hotspot\share\prims\jni.cpp, line 514]
Event: 79242.322 Thread 0x00000218fe8f3970 Exception <a 'sun/nio/fs/WindowsException'{0x000000076e198a28}> (0x000000076e198a28) 
thrown [s\open\src\hotspot\share\prims\jni.cpp, line 514]
Event: 79242.344 Thread 0x00000218f924f520 Exception <a 'sun/nio/fs/WindowsException'{0x000000076e199608}> (0x000000076e199608) 
thrown [s\open\src\hotspot\share\prims\jni.cpp, line 514]
Event: 79243.323 Thread 0x00000218fe8f3970 Exception <a 'sun/nio/fs/WindowsException'{0x000000076e4c1cf8}> (0x000000076e4c1cf8) 
thrown [s\open\src\hotspot\share\prims\jni.cpp, line 514]
Event: 79243.345 Thread 0x00000218f924f520 Exception <a 'sun/nio/fs/WindowsException'{0x000000076e4c3710}> (0x000000076e4c3710) 
thrown [s\open\src\hotspot\share\prims\jni.cpp, line 514]
Event: 79244.323 Thread 0x00000218fe8f3970 Exception <a 'sun/nio/fs/WindowsException'{0x000000076e4c2028}> (0x000000076e4c2028) 
thrown [s\open\src\hotspot\share\prims\jni.cpp, line 514]
Event: 79244.345 Thread 0x00000218f924f520 Exception <a 'sun/nio/fs/WindowsException'{0x000000076e4c3ab0}> (0x000000076e4c3ab0) 
thrown [s\open\src\hotspot\share\prims\jni.cpp, line 514]
Event: 79245.324 Thread 0x00000218fe8f3970 Exception <a 'sun/nio/fs/WindowsException'{0x000000076e5db300}> (0x000000076e5db300) 
thrown [s\open\src\hotspot\share\prims\jni.cpp, line 514]
Event: 79245.346 Thread 0x00000218f924f520 Exception <a 'sun/nio/fs/WindowsException'{0x000000076e5dbe00}> (0x000000076e5dbe00) 
thrown [s\open\src\hotspot\share\prims\jni.cpp, line 514]
Event: 79246.324 Thread 0x00000218fe8f3970 Exception <a 'sun/nio/fs/WindowsException'{0x000000076e5db630}> (0x000000076e5db630) 
thrown [s\open\src\hotspot\share\prims\jni.cpp, line 514]
Event: 79246.346 Thread 0x00000218f924f520 Exception <a 'sun/nio/fs/WindowsException'{0x000000076e5dc1a0}> (0x000000076e5dc1a0) 
thrown [s\open\src\hotspot\share\prims\jni.cpp, line 514]
Event: 79247.325 Thread 0x00000218fe8f3970 Exception <a 'sun/nio/fs/WindowsException'{0x000000076e5db960}> (0x000000076e5db960) 
thrown [s\open\src\hotspot\share\prims\jni.cpp, line 514]
Event: 79247.346 Thread 0x00000218f924f520 Exception <a 'sun/nio/fs/WindowsException'{0x000000076e5dc540}> (0x000000076e5dc540) 
thrown [s\open\src\hotspot\share\prims\jni.cpp, line 514]
Event: 79248.325 Thread 0x00000218fe8f3970 Exception <a 'sun/nio/fs/WindowsException'{0x000000076e5dbaf0}> (0x000000076e5dbaf0) 
thrown [s\open\src\hotspot\share\prims\jni.cpp, line 514]
Event: 79248.347 Thread 0x00000218f924f520 Exception <a 'sun/nio/fs/WindowsException'{0x000000076e160080}> (0x000000076e160080) 
thrown [s\open\src\hotspot\share\prims\jni.cpp, line 514]
Event: 79249.325 Thread 0x00000218fe8f3970 Exception <a 'sun/nio/fs/WindowsException'{0x00000007715656d0}> (0x00000007715656d0) 
thrown [s\open\src\hotspot\share\prims\jni.cpp, line 514]
Event: 79249.347 Thread 0x00000218f924f520 Exception <a 'sun/nio/fs/WindowsException'{0x0000000771e31030}> (0x0000000771e31030) 
thrown [s\open\src\hotspot\share\prims\jni.cpp, line 514]

VM Operations (20 events):
Event: 79240.636 Executing safepoint VM operation: G1PauseRemark done
Event: 79240.823 Executing safepoint VM operation: G1PauseCleanup
Event: 79240.824 Executing safepoint VM operation: G1PauseCleanup done
Event: 79242.750 Executing safepoint VM operation: G1CollectForAllocation (G1 Evacuation Pause)
Event: 79242.760 Executing safepoint VM operation: G1CollectForAllocation (G1 Evacuation Pause) done
Event: 79244.767 Executing safepoint VM operation: G1CollectForAllocation (G1 Evacuation Pause)
Event: 79244.774 Executing safepoint VM operation: G1CollectForAllocation (G1 Evacuation Pause) done
Event: 79249.090 Executing safepoint VM operation: G1TryInitiateConcMark (G1 Humongous Allocation)
Event: 79249.094 Executing safepoint VM operation: G1TryInitiateConcMark (G1 Humongous Allocation) done
Event: 79249.290 Executing safepoint VM operation: G1CollectForAllocation (G1 Evacuation Pause)
Event: 79249.297 Executing safepoint VM operation: G1CollectForAllocation (G1 Evacuation Pause) done
Event: 79249.341 Executing safepoint VM operation: G1CollectForAllocation (G1 Evacuation Pause)
Event: 79249.346 Executing safepoint VM operation: G1CollectForAllocation (G1 Evacuation Pause) done
Event: 79249.440 Executing safepoint VM operation: G1CollectForAllocation (G1 Evacuation Pause)
Event: 79249.444 Executing safepoint VM operation: G1CollectForAllocation (G1 Evacuation Pause) done
Event: 79249.752 Executing safepoint VM operation: G1PauseRemark
Event: 79249.758 Executing safepoint VM operation: G1PauseRemark done
Event: 79249.962 Executing safepoint VM operation: G1PauseCleanup
Event: 79249.962 Executing safepoint VM operation: G1PauseCleanup done
Event: 79250.240 Executing safepoint VM operation: G1CollectForAllocation (G1 Evacuation Pause)

Memory protections (0 events):
No events

Nmethod flushes (20 events):
Event: 77679.066 Thread 0x00000218dcd135d0 flushing  nmethod 0x00000218df199c88
Event: 77679.066 Thread 0x00000218dcd135d0 flushing  nmethod 0x00000218dfd87e88
Event: 77679.066 Thread 0x00000218dcd135d0 flushing  nmethod 0x00000218deef4a88
Event: 77679.066 Thread 0x00000218dcd135d0 flushing  nmethod 0x00000218dfa21308
Event: 77686.800 Thread 0x00000218dcd135d0 flushing  nmethod 0x00000218e6ff1788
Event: 77686.800 Thread 0x00000218dcd135d0 flushing  nmethod 0x00000218defc0a08
Event: 77686.800 Thread 0x00000218dcd135d0 flushing  nmethod 0x00000218df377908
Event: 77882.381 Thread 0x00000218dcd135d0 flushing  nmethod 0x00000218df0a6f08
Event: 77882.381 Thread 0x00000218dcd135d0 flushing  nmethod 0x00000218df510788
Event: 77882.381 Thread 0x00000218dcd135d0 flushing  nmethod 0x00000218dfd03988
Event: 77882.381 Thread 0x00000218dcd135d0 flushing  nmethod 0x00000218df595708
Event: 77882.381 Thread 0x00000218dcd135d0 flushing  nmethod 0x00000218df64dc88
Event: 77882.381 Thread 0x00000218dcd135d0 flushing  nmethod 0x00000218df674608
Event: 77882.381 Thread 0x00000218dcd135d0 flushing  nmethod 0x00000218df7e8388
Event: 77882.381 Thread 0x00000218dcd135d0 flushing  nmethod 0x00000218dfd2d808
Event: 78002.371 Thread 0x00000218dcd135d0 flushing  nmethod 0x00000218df5a0908
Event: 78002.371 Thread 0x00000218dcd135d0 flushing  nmethod 0x00000218df132988
Event: 78184.160 Thread 0x00000218dcd135d0 flushing  nmethod 0x00000218df371308
Event: 78184.160 Thread 0x00000218dcd135d0 flushing  nmethod 0x00000218df375588
Event: 78184.160 Thread 0x00000218dcd135d0 flushing  nmethod 0x00000218df705508

Events (20 events):
Event: 79244.133 Thread 0x00000218ff308bf0 Thread exited: 0x00000218ff308bf0
Event: 79244.143 Thread 0x00000218f4601880 Thread added: 0x00000218fe712210
Event: 79244.143 Thread 0x00000218ff307c50 Thread exited: 0x00000218ff307c50
Event: 79244.212 Thread 0x00000218f4601880 Thread added: 0x0000021880754820
Event: 79244.212 Thread 0x00000218fe712210 Thread exited: 0x00000218fe712210
Event: 79244.275 Thread 0x00000218f4601880 Thread added: 0x00000218ff308bf0
Event: 79244.275 Thread 0x0000021880754820 Thread exited: 0x0000021880754820
Event: 79244.340 Thread 0x00000218f4601880 Thread added: 0x00000218ff307c50
Event: 79244.340 Thread 0x00000218ff308bf0 Thread exited: 0x00000218ff308bf0
Event: 79244.404 Thread 0x00000218f4601880 Thread added: 0x00000218ff308bf0
Event: 79244.404 Thread 0x00000218ff307c50 Thread exited: 0x00000218ff307c50
Event: 79244.467 Thread 0x00000218f4601880 Thread added: 0x00000218807557c0
Event: 79244.467 Thread 0x00000218ff308bf0 Thread exited: 0x00000218ff308bf0
Event: 79244.548 Thread 0x00000218f4601880 Thread added: 0x00000218fe9d13a0
Event: 79244.549 Thread 0x00000218807557c0 Thread exited: 0x00000218807557c0
Event: 79244.627 Thread 0x00000218f4601880 Thread added: 0x00000218832e3fe0
Event: 79244.627 Thread 0x00000218fe9d13a0 Thread exited: 0x00000218fe9d13a0
Event: 79244.678 Thread 0x00000218f4601880 Thread added: 0x00000218832e18d0
Event: 79244.678 Thread 0x00000218832e3fe0 Thread exited: 0x00000218832e3fe0
Event: 79244.800 Thread 0x00000218832e18d0 Thread exited: 0x00000218832e18d0


Dynamic libraries:
0x00007ff7b4820000 - 0x00007ff7b48e5000 	C:\Users\HP\AppData\Local\SceneBuilder\SceneBuilder.exe
0x00007ff8f70f0000 - 0x00007ff8f72e8000 	C:\Windows\SYSTEM32\ntdll.dll
0x00007ff8f6c60000 - 0x00007ff8f6d22000 	C:\Windows\System32\KERNEL32.DLL
0x00007ff8f4b40000 - 0x00007ff8f4e36000 	C:\Windows\System32\KERNELBASE.dll
0x00007ff8f58d0000 - 0x00007ff8f6040000 	C:\Windows\System32\SHELL32.dll
0x00007ff8f47b0000 - 0x00007ff8f484d000 	C:\Windows\System32\msvcp_win.dll
0x00007ff8f4ef0000 - 0x00007ff8f4ff0000 	C:\Windows\System32\ucrtbase.dll
0x00007ff8f66b0000 - 0x00007ff8f6851000 	C:\Windows\System32\USER32.dll
0x00007ff8f4780000 - 0x00007ff8f47a2000 	C:\Windows\System32\win32u.dll
0x00007ff8f6040000 - 0x00007ff8f606b000 	C:\Windows\System32\GDI32.dll
0x00007ff8f4ff0000 - 0x00007ff8f5109000 	C:\Windows\System32\gdi32full.dll
0x00007ff8f6070000 - 0x00007ff8f609f000 	C:\Windows\System32\IMM32.DLL
0x00007ff8f5300000 - 0x00007ff8f53ad000 	C:\Windows\System32\shcore.dll
0x00007ff8f53b0000 - 0x00007ff8f544e000 	C:\Windows\System32\msvcrt.dll
0x00007ff8f60a0000 - 0x00007ff8f63f4000 	C:\Windows\System32\combase.dll
0x00007ff8f5180000 - 0x00007ff8f52a0000 	C:\Windows\System32\RPCRT4.dll
0x00007ff8e1370000 - 0x00007ff8e1387000 	C:\Users\HP\AppData\Local\SceneBuilder\runtime\bin\jli.dll
0x00007ff8ce010000 - 0x00007ff8ce0c0000 	C:\Windows\WinSxS\amd64_microsoft.windows.common-controls_6595b64144ccf1df_5.82.19041.6280_none_792d7c952443c49a\COMCTL32.dll
0x00007ff8f6ff0000 - 0x00007ff8f70a1000 	C:\Windows\System32\ADVAPI32.dll
0x00007ff8f6590000 - 0x00007ff8f662f000 	C:\Windows\System32\sechost.dll
0x00007ff8f4ec0000 - 0x00007ff8f4ee7000 	C:\Windows\System32\bcrypt.dll
0x00007ff8e1350000 - 0x00007ff8e136e000 	C:\Users\HP\AppData\Local\SceneBuilder\runtime\bin\VCRUNTIME140.dll
0x00007ff8efff0000 - 0x00007ff8efffc000 	C:\Users\HP\AppData\Local\SceneBuilder\runtime\bin\vcruntime140_1.dll
0x00007ff8db7b0000 - 0x00007ff8db83d000 	C:\Users\HP\AppData\Local\SceneBuilder\runtime\bin\msvcp140.dll
0x00007ff898ae0000 - 0x00007ff8999ae000 	C:\Users\HP\AppData\Local\SceneBuilder\runtime\bin\server\jvm.dll
0x00007ff8f6400000 - 0x00007ff8f646b000 	C:\Windows\System32\WS2_32.dll
0x00007ff8f4370000 - 0x00007ff8f43bb000 	C:\Windows\SYSTEM32\POWRPROF.dll
0x00007ff8e1560000 - 0x00007ff8e1587000 	C:\Windows\SYSTEM32\WINMM.dll
0x00007ff8e17f0000 - 0x00007ff8e17fa000 	C:\Windows\SYSTEM32\VERSION.dll
0x00007ff8f3eb0000 - 0x00007ff8f3ec2000 	C:\Windows\SYSTEM32\UMPDC.dll
0x00007ff8f1fe0000 - 0x00007ff8f1ff2000 	C:\Windows\SYSTEM32\kernel.appcore.dll
0x00007ff8e1340000 - 0x00007ff8e134a000 	C:\Users\HP\AppData\Local\SceneBuilder\runtime\bin\jimage.dll
0x00007ff8f4160000 - 0x00007ff8f4361000 	C:\Windows\SYSTEM32\DBGHELP.DLL
0x00007ff8f3ef0000 - 0x00007ff8f3f24000 	C:\Windows\SYSTEM32\dbgcore.DLL
0x00007ff8f4a60000 - 0x00007ff8f4ae2000 	C:\Windows\System32\bcryptPrimitives.dll
0x00007ff8e12f0000 - 0x00007ff8e130f000 	C:\Users\HP\AppData\Local\SceneBuilder\runtime\bin\java.dll
0x00007ff8f6860000 - 0x00007ff8f698b000 	C:\Windows\System32\ole32.dll
0x00007ff8dce90000 - 0x00007ff8dcea7000 	C:\Users\HP\AppData\Local\SceneBuilder\runtime\bin\zip.dll
0x00007ff8f2150000 - 0x00007ff8f28f5000 	C:\Windows\SYSTEM32\windows.storage.dll
0x00007ff8f3a80000 - 0x00007ff8f3aab000 	C:\Windows\SYSTEM32\Wldp.dll
0x00007ff8f6b00000 - 0x00007ff8f6bcd000 	C:\Windows\System32\OLEAUT32.dll
0x00007ff8f5120000 - 0x00007ff8f517b000 	C:\Windows\System32\shlwapi.dll
0x00007ff8f46b0000 - 0x00007ff8f46d4000 	C:\Windows\SYSTEM32\profapi.dll
0x00007ff8dce70000 - 0x00007ff8dce82000 	C:\Users\HP\AppData\Local\SceneBuilder\runtime\bin\net.dll
0x00007ff8f3980000 - 0x00007ff8f39ea000 	C:\Windows\system32\mswsock.dll
0x00007ff8dcb60000 - 0x00007ff8dcb76000 	C:\Users\HP\AppData\Local\SceneBuilder\runtime\bin\nio.dll
0x00000218da9d0000 - 0x00000218da9d4000 	C:\Users\HP\AppData\Local\SceneBuilder\runtime\bin\javafx\api-ms-win-core-console-l1-1-0.dll
0x00000218da9f0000 - 0x00000218da9f4000 	C:\Users\HP\AppData\Local\SceneBuilder\runtime\bin\javafx\api-ms-win-core-console-l1-2-0.dll
0x00000218daa00000 - 0x00000218daa04000 	C:\Users\HP\AppData\Local\SceneBuilder\runtime\bin\javafx\api-ms-win-core-datetime-l1-1-0.dll
0x00000218dc3f0000 - 0x00000218dc3f4000 	C:\Users\HP\AppData\Local\SceneBuilder\runtime\bin\javafx\api-ms-win-core-debug-l1-1-0.dll
0x00000218dc400000 - 0x00000218dc404000 	C:\Users\HP\AppData\Local\SceneBuilder\runtime\bin\javafx\api-ms-win-core-errorhandling-l1-1-0.dll
0x00000218dc410000 - 0x00000218dc415000 	C:\Users\HP\AppData\Local\SceneBuilder\runtime\bin\javafx\api-ms-win-core-file-l1-1-0.dll
0x00000218dc420000 - 0x00000218dc424000 	C:\Users\HP\AppData\Local\SceneBuilder\runtime\bin\javafx\api-ms-win-core-file-l1-2-0.dll
0x00000218dc430000 - 0x00000218dc434000 	C:\Users\HP\AppData\Local\SceneBuilder\runtime\bin\javafx\api-ms-win-core-file-l2-1-0.dll
0x00000218dcb80000 - 0x00000218dcb84000 	C:\Users\HP\AppData\Local\SceneBuilder\runtime\bin\javafx\api-ms-win-core-handle-l1-1-0.dll
0x00000218dcb90000 - 0x00000218dcb94000 	C:\Users\HP\AppData\Local\SceneBuilder\runtime\bin\javafx\api-ms-win-core-heap-l1-1-0.dll
0x00000218dcba0000 - 0x00000218dcba4000 	C:\Users\HP\AppData\Local\SceneBuilder\runtime\bin\javafx\api-ms-win-core-interlocked-l1-1-0.dll
0x00000218dcbb0000 - 0x00000218dcbb4000 	C:\Users\HP\AppData\Local\SceneBuilder\runtime\bin\javafx\api-ms-win-core-libraryloader-l1-1-0.dll
0x00000218dcbc0000 - 0x00000218dcbc4000 	C:\Users\HP\AppData\Local\SceneBuilder\runtime\bin\javafx\api-ms-win-core-localization-l1-2-0.dll
0x00000218dcbd0000 - 0x00000218dcbd4000 	C:\Users\HP\AppData\Local\SceneBuilder\runtime\bin\javafx\api-ms-win-core-memory-l1-1-0.dll
0x00000218dcbe0000 - 0x00000218dcbe4000 	C:\Users\HP\AppData\Local\SceneBuilder\runtime\bin\javafx\api-ms-win-core-namedpipe-l1-1-0.dll
0x00000218dcbf0000 - 0x00000218dcbf4000 	C:\Users\HP\AppData\Local\SceneBuilder\runtime\bin\javafx\api-ms-win-core-processenvironment-l1-1-0.dll
0x00000218dcc00000 - 0x00000218dcc04000 	C:\Users\HP\AppData\Local\SceneBuilder\runtime\bin\javafx\api-ms-win-core-processthreads-l1-1-0.dll
0x00000218dcc10000 - 0x00000218dcc14000 	C:\Users\HP\AppData\Local\SceneBuilder\runtime\bin\javafx\api-ms-win-core-processthreads-l1-1-1.dll
0x00000218dcc20000 - 0x00000218dcc24000 	C:\Users\HP\AppData\Local\SceneBuilder\runtime\bin\javafx\api-ms-win-core-profile-l1-1-0.dll
0x00000218dcc30000 - 0x00000218dcc34000 	C:\Users\HP\AppData\Local\SceneBuilder\runtime\bin\javafx\api-ms-win-core-rtlsupport-l1-1-0.dll
0x00000218dcc40000 - 0x00000218dcc44000 	C:\Users\HP\AppData\Local\SceneBuilder\runtime\bin\javafx\api-ms-win-core-string-l1-1-0.dll
0x00000218f49d0000 - 0x00000218f49d4000 	C:\Users\HP\AppData\Local\SceneBuilder\runtime\bin\javafx\api-ms-win-core-synch-l1-1-0.dll
0x00000218f49e0000 - 0x00000218f49e4000 	C:\Users\HP\AppData\Local\SceneBuilder\runtime\bin\javafx\api-ms-win-core-synch-l1-2-0.dll
0x00000218f49f0000 - 0x00000218f49f4000 	C:\Users\HP\AppData\Local\SceneBuilder\runtime\bin\javafx\api-ms-win-core-sysinfo-l1-1-0.dll
0x00000218f4a00000 - 0x00000218f4a04000 	C:\Users\HP\AppData\Local\SceneBuilder\runtime\bin\javafx\api-ms-win-core-timezone-l1-1-0.dll
0x00000218f4a10000 - 0x00000218f4a14000 	C:\Users\HP\AppData\Local\SceneBuilder\runtime\bin\javafx\api-ms-win-core-util-l1-1-0.dll
0x00000218f4a20000 - 0x00000218f4a24000 	C:\Users\HP\AppData\Local\SceneBuilder\runtime\bin\javafx\api-ms-win-crt-conio-l1-1-0.dll
0x00000218f4a30000 - 0x00000218f4a35000 	C:\Users\HP\AppData\Local\SceneBuilder\runtime\bin\javafx\api-ms-win-crt-convert-l1-1-0.dll
0x00000218f4a40000 - 0x00000218f4a44000 	C:\Users\HP\AppData\Local\SceneBuilder\runtime\bin\javafx\api-ms-win-crt-environment-l1-1-0.dll
0x00000218f4a50000 - 0x00000218f4a54000 	C:\Users\HP\AppData\Local\SceneBuilder\runtime\bin\javafx\api-ms-win-crt-filesystem-l1-1-0.dll
0x00000218f4a60000 - 0x00000218f4a64000 	C:\Users\HP\AppData\Local\SceneBuilder\runtime\bin\javafx\api-ms-win-crt-heap-l1-1-0.dll
0x00000218f4a70000 - 0x00000218f4a74000 	C:\Users\HP\AppData\Local\SceneBuilder\runtime\bin\javafx\api-ms-win-crt-locale-l1-1-0.dll
0x00000218f4a80000 - 0x00000218f4a86000 	C:\Users\HP\AppData\Local\SceneBuilder\runtime\bin\javafx\api-ms-win-crt-math-l1-1-0.dll
0x00000218f4a90000 - 0x00000218f4a96000 	C:\Users\HP\AppData\Local\SceneBuilder\runtime\bin\javafx\api-ms-win-crt-multibyte-l1-1-0.dll
0x00000218f4aa0000 - 0x00000218f4ab1000 	C:\Users\HP\AppData\Local\SceneBuilder\runtime\bin\javafx\api-ms-win-crt-private-l1-1-0.dll
0x00000218f4ac0000 - 0x00000218f4ac4000 	C:\Users\HP\AppData\Local\SceneBuilder\runtime\bin\javafx\api-ms-win-crt-process-l1-1-0.dll
0x00000218f4ad0000 - 0x00000218f4ad5000 	C:\Users\HP\AppData\Local\SceneBuilder\runtime\bin\javafx\api-ms-win-crt-runtime-l1-1-0.dll
0x00000218f4ae0000 - 0x00000218f4ae5000 	C:\Users\HP\AppData\Local\SceneBuilder\runtime\bin\javafx\api-ms-win-crt-stdio-l1-1-0.dll
0x00000218f4af0000 - 0x00000218f4af5000 	C:\Users\HP\AppData\Local\SceneBuilder\runtime\bin\javafx\api-ms-win-crt-string-l1-1-0.dll
0x00000218f4b00000 - 0x00000218f4b04000 	C:\Users\HP\AppData\Local\SceneBuilder\runtime\bin\javafx\api-ms-win-crt-time-l1-1-0.dll
0x00000218f4b10000 - 0x00000218f4b14000 	C:\Users\HP\AppData\Local\SceneBuilder\runtime\bin\javafx\api-ms-win-crt-utility-l1-1-0.dll
0x00007ff8b5630000 - 0x00007ff8b5741000 	C:\Users\HP\AppData\Local\SceneBuilder\runtime\bin\javafx\ucrtbase.dll
0x00007ff8dbe80000 - 0x00007ff8dbe9e000 	C:\Users\HP\AppData\Local\SceneBuilder\runtime\bin\javafx\vcruntime140.dll
0x00007ff8e1330000 - 0x00007ff8e133c000 	C:\Users\HP\AppData\Local\SceneBuilder\runtime\bin\javafx\vcruntime140_1.dll
0x00007ff8cc8a0000 - 0x00007ff8cc92d000 	C:\Users\HP\AppData\Local\SceneBuilder\runtime\bin\javafx\msvcp140.dll
0x00007ff8e1280000 - 0x00007ff8e1289000 	C:\Users\HP\AppData\Local\SceneBuilder\runtime\bin\javafx\msvcp140_1.dll
0x00007ff8dbe30000 - 0x00007ff8dbe71000 	C:\Users\HP\AppData\Local\SceneBuilder\runtime\bin\javafx\msvcp140_2.dll
0x00007ff8dba40000 - 0x00007ff8dba70000 	C:\Users\HP\AppData\Local\SceneBuilder\runtime\bin\javafx\prism_d3d.dll
0x00007ff89d670000 - 0x00007ff89d841000 	C:\Windows\system32\d3d9.dll
0x00007ff8f17d0000 - 0x00007ff8f17fe000 	C:\Windows\SYSTEM32\dwmapi.dll
0x00007ff8f15c0000 - 0x00007ff8f165e000 	C:\Windows\system32\uxtheme.dll
0x00007ff87a070000 - 0x00007ff87c5ae000 	C:\Windows\SYSTEM32\igdumdim64.dll
0x00007ff8f5460000 - 0x00007ff8f58d0000 	C:\Windows\System32\SETUPAPI.dll
0x00007ff8f4af0000 - 0x00007ff8f4b3e000 	C:\Windows\System32\cfgmgr32.dll
0x00007ff8d4120000 - 0x00007ff8d4169000 	C:\Users\HP\AppData\Local\SceneBuilder\runtime\bin\javafx\glass.dll
0x00007ff8f6a20000 - 0x00007ff8f6afa000 	C:\Windows\System32\COMDLG32.dll
0x00007ff8f6d30000 - 0x00007ff8f6dd9000 	C:\Windows\System32\clbcatq.dll
0x00007ff8ea0c0000 - 0x00007ff8ea1ff000 	C:\Windows\System32\Windows.UI.dll
0x00007ff8e9e00000 - 0x00007ff8e9ea1000 	C:\Windows\System32\WindowManagementAPI.dll
0x00007ff8e9d00000 - 0x00007ff8e9df9000 	C:\Windows\System32\TextInputFramework.dll
0x00007ff8e9ba0000 - 0x00007ff8e9cf2000 	C:\Windows\System32\InputHost.dll
0x00007ff8f0600000 - 0x00007ff8f0757000 	C:\Windows\SYSTEM32\wintypes.dll
0x00007ff8e98a0000 - 0x00007ff8e9aa3000 	C:\Windows\SYSTEM32\twinapi.appcore.dll
0x00007ff8eeec0000 - 0x00007ff8eefb2000 	C:\Windows\System32\CoreMessaging.dll
0x00007ff8ee980000 - 0x00007ff8eecdb000 	C:\Windows\System32\CoreUIComponents.dll
0x00007ff8f0be0000 - 0x00007ff8f0cd4000 	C:\Windows\System32\PROPSYS.dll
0x00007ff8f44b0000 - 0x00007ff8f44e3000 	C:\Windows\SYSTEM32\ntmarta.dll
0x00007ff8daa20000 - 0x00007ff8daad9000 	C:\Windows\System32\Windows.Networking.Connectivity.dll
0x00007ff8f6470000 - 0x00007ff8f6585000 	C:\Windows\System32\MSCTF.dll
0x00007ff8e34e0000 - 0x00007ff8e3f1f000 	C:\Windows\SYSTEM32\igdusc64.dll
0x00007ff8e5460000 - 0x00007ff8e549b000 	C:\Windows\SYSTEM32\dxcore.dll
0x00007ff8e5810000 - 0x00007ff8e5948000 	C:\Windows\System32\Windows.UI.Immersive.dll
0x00007ff8e2c90000 - 0x00007ff8e2ca0000 	C:\Windows\System32\npmproxy.dll
0x00007ff8eb6a0000 - 0x00007ff8eb6e2000 	C:\Windows\System32\CapabilityAccessManagerClient.dll
0x00007ff8ebaa0000 - 0x00007ff8ebb14000 	C:\Windows\SYSTEM32\wlanapi.dll
0x00007ff8f34c0000 - 0x00007ff8f34fb000 	C:\Windows\System32\IPHLPAPI.DLL
0x00007ff8f5110000 - 0x00007ff8f5118000 	C:\Windows\System32\NSI.dll
0x00007ff8da940000 - 0x00007ff8da951000 	C:\Windows\System32\dusmapi.dll
0x00007ff8dd2c0000 - 0x00007ff8dd2c9000 	C:\Users\HP\AppData\Local\SceneBuilder\runtime\bin\prefs.dll
0x00007ff8dbce0000 - 0x00007ff8dbcf5000 	C:\Users\HP\AppData\Local\SceneBuilder\runtime\bin\javafx\javafx_font.dll
0x00007ff8e2fa0000 - 0x00007ff8e321f000 	C:\Windows\SYSTEM32\dwrite.dll
0x00007ff8dba10000 - 0x00007ff8dba3e000 	C:\Users\HP\AppData\Local\SceneBuilder\runtime\bin\javafx\javafx_iio.dll

JVMTI agents: none

dbghelp: loaded successfully - version: 4.0.5 - missing functions: none
symbol engine: initialized successfully - sym options: 0x614 - pdb path: .;C:\Users\HP\AppData\Local\SceneBuilder;C:\Windows\SYSTEM32;C:\Users\HP\AppData\Local\SceneBuilder\runtime\bin;C:\Windows\WinSxS\amd64_microsoft.windows.common-controls_6595b64144ccf1df_5.82.19041.6280_none_792d7c952443c49a;C:\Users\HP\AppData\Local\SceneBuilder\runtime\bin\server;C:\Users\HP\AppData\Local\SceneBuilder\runtime\bin\javafx;C:\Windows\WinSxS\amd64_microsoft.windows.common-controls_6595b64144ccf1df_6.0.19041.6456_none_60b8a6cb71f64256;C:\Program Files\Common Files\Microsoft Shared\Ink;C:\Users\HP\AppData\Local\Microsoft\OneDrive\26.134.0713.0007;C:\Windows\WinSxS\amd64_microsoft.windows.gdiplus_6595b64144ccf1df_1.1.19041.6456_none_91a399b0cc88bc24

VM Arguments:
jvm_args: -Djpackage.app-version=26.0.0 -Djavafx.allowjs=true --add-opens=javafx.fxml/javafx.fxml=ALL-UNNAMED --enable-native-access=javafx.graphics --sun-misc-unsafe-memory-access=allow -Djava.library.path=runtime\bin;runtime\lib -Djpackage.app-path=C:\Users\HP\AppData\Local\SceneBuilder\SceneBuilder.exe 
java_command: com.oracle.javafx.scenebuilder.app.SceneBuilderApp E:\javafx\PocketPilot\src\main\resources\Register.fxml
java_class_path (initial): C:\Users\HP\AppData\Local\SceneBuilder\app\scenebuilder-26.0.0-all.jar;C:\Users\HP\AppData\Local\SceneBuilder\app\scenebuilder-26.0.0-SNAPSHOT-all.jar
Launcher Type: SUN_STANDARD

[Global flags]
     bool AOTAdapterCaching                        = false                                  {diagnostic} {ergonomic}
     bool AOTInvokeDynamicLinking                  = false                                  {diagnostic} {ergonomic}
     bool AOTRecordTraining                        = false                                  {diagnostic} {ergonomic}
     bool AOTReplayTraining                        = false                                  {diagnostic} {ergonomic}
     bool AOTStubCaching                           = false                                  {diagnostic} {ergonomic}
     intx CICompilerCount                          = 3                                         {product} {ergonomic}
     uint ConcGCThreads                            = 1                                         {product} {ergonomic}
     uint G1ConcRefinementThreads                  = 4                                         {product} {ergonomic}
     uint G1EagerReclaimRemSetThreshold            = 16                                   {experimental} {ergonomic}
   size_t G1HeapRegionSize                         = 2097152                                   {product} {ergonomic}
     uint G1RemSetArrayOfCardsEntries              = 16                                   {experimental} {ergonomic}
     uint G1RemSetHowlMaxNumBuckets                = 8                                    {experimental} {ergonomic}
     uint G1RemSetHowlNumBuckets                   = 8                                    {experimental} {ergonomic}
   size_t InitialHeapSize                          = 8388608                                   {product} {ergonomic}
     bool IntelJccErratumMitigation                = false                             {ARCH diagnostic} {ergonomic}
   size_t MarkStackSize                            = 4194304                                   {product} {ergonomic}
   size_t MarkStackSizeMax                         = 536870912                                 {product} {ergonomic}
   size_t MaxHeapSize                              = 3200253952                                {product} {ergonomic}
   size_t MaxNewSize                               = 1918894080                                {product} {ergonomic}
 uint64_t MaxRAM                                   = 12793786368                               {product} {ergonomic}
   size_t MinHeapDeltaBytes                        = 2097152                                   {product} {ergonomic}
   size_t MinHeapSize                              = 8388608                                   {product} {ergonomic}
   size_t NonNMethodCodeHeapSize                   = 5832704                                {pd product} {ergonomic}
   size_t NonProfiledCodeHeapSize                  = 122945536                              {pd product} {ergonomic}
   size_t ProfiledCodeHeapSize                     = 122880000                              {pd product} {ergonomic}
   size_t ReservedCodeCacheSize                    = 251658240                              {pd product} {ergonomic}
     bool SegmentedCodeCache                       = true                                      {product} {ergonomic}
   size_t SoftMaxHeapSize                          = 3200253952                             {manageable} {ergonomic}
     bool UseCompressedOops                        = true                           {product lp64_product} {ergonomic}
     bool UseCondCardMark                          = true                                      {product} {ergonomic}
     bool UseFastUnorderedTimeStamps               = true                                 {experimental} {ergonomic}
     bool UseG1GC                                  = true                                      {product} {ergonomic}
     bool UseLargePagesIndividualAllocation        = false                                  {pd product} {ergonomic}
      int X86ICacheSync                            = 1                                 {ARCH diagnostic} {ergonomic}

Logging:
Log output configuration:
 #0: stdout all=warning uptime,level,tags foldmultilines=false
 #1: stderr all=off uptime,level,tags foldmultilines=false

Release file:
JAVA_VERSION="26" 
MODULES="java.base java.datatransfer java.xml java.prefs java.desktop java.logging java.security.sasl java.naming java.net.http java.scripting java.security.jgss javafx.base javafx.graphics javafx.controls javafx.fxml javafx.media jdk.unsupported.desktop javafx.swing jdk.jsobject jdk.xml.dom javafx.web" 

Environment Variables:
PATH=C:\Program Files\Common Files\Oracle\Java\javapath;C:\Windows\system32;C:\Windows;C:\Windows\System32\Wbem;C:\Windows\System32\WindowsPowerShell\v1.0\;C:\Windows\System32\OpenSSH\;C:\msys64\ucrt64\bin;C:\Program Files\Git\cmd;C:\Users\HP\AppData\Local\Microsoft\WindowsApps;C:\Users\HP\AppData\Local\Programs\Microsoft VS Code\bin;C:\Users\HP\AppData\Local\SceneBuilder\app
USERNAME=HP
OS=Windows_NT
PROCESSOR_IDENTIFIER=Intel64 Family 6 Model 60 Stepping 3, GenuineIntel
TMP=C:\Users\HP\AppData\Local\Temp
TEMP=C:\Users\HP\AppData\Local\Temp




Compilation memory statistics disabled.

Periodic native trim disabled

---------------  S Y S T E M  ---------------

OS:
 Windows 10 , 64 bit Build 19041 (10.0.19041.5915)
OS uptime: 1 days 4:38 hours

CPU: total 4 (initial active 4) (2 cores per cpu, 2 threads per core) family 6 model 60 stepping 3 microcode 0x27, cx8, cmov, fxsr, ht, mmx, sse, sse2, sse3, ssse3, sse4.1, sse4.2, popcnt, lzcnt, tsc, tscinvbit, avx, avx2, aes, erms, clmul, bmi1, bmi2, fma, vzeroupper, clflush, rdtscp, f16c
Processor Information for the first 4 processors :
  Max Mhz: 2501, Current Mhz: 2501, Mhz Limit: 2501

Memory: 4k page, system-wide physical 12201M (3030M free)
TotalPageFile size 12752M (AvailPageFile size 561M)
current process WorkingSet (physical memory assigned to process): 817M, peak: 1081M
current process commit charge ("private bytes"): 1230M, peak: 2124M

vm_info: OpenJDK 64-Bit Server VM (26+35-2893) for windows-amd64 JRE (26+35-2893), built on 2026-02-12T17:04:02Z with MS VC++ 17.13 (VS2022)

END.
